LA1,LA2,LB1,LB2,RA1,RA2,RB,IPMR CODE,"U:Used 
A:Allocated 
N:Not used 
D:DO NOT USE",Priority group for making,RING,DATE,Project,GRID,SITENAME,AGE,TAG,Old ring,,Colours,B,G,L,N,O,R,W,Y,M
B,,Y,W,B,B,M,"LAB;LBY,W;RAB,B;RBM",U,,FP01402,26/09/2010,Turnover,ST5796,Wibdon Wharf,,,,Left,Right,,,,,,,,,
B,,Y,W,B,G,M,,D,,,,,,,,,Tibia,,B,,,,,,,,,
B,,Y,W,B,L,M,"LAB;LBY,W;RAB,L;RBM",U,,FP01401,26/09/2010,Turnover,ST5796,Wibdon Wharf,,,,N,B,,,,,,,,,
B,,Y,W,B,N,M,,D,,,,,,,,,,O,,,,,,,,,,
B,,Y,W,B,O,M,"LAB;LBY,W;RAB,O;RBM",U,,FP01403,26/09/2010,Turnover,ST5796,Wibdon Wharf,,,Tarsus,W,M,,,,,,,,,
B,,Y,W,B,R,M,"LAB;LBY,W;RAB,R;RBM",U,,FP01404,26/09/2010,Turnover,ST5796,Wibdon Wharf,,,,,,,,,,,,,,
B,,Y,W,B,W,M,"LAB;LBY,W;RAB,W;RBM",U,,FA57945,26/09/2010,Turnover,ST5796,Wibdon Wharf,,,,,,,,,,,,,,
B,,Y,W,B,Y,M,"LAB;LBY,W;RAB,Y;RBM",U,,FP01405,26/09/2010,Turnover,ST5796,Wibdon Wharf,,,,,,,,,,,,,,
B,,Y,W,G,B,M,,D,,,,,,,,,,,,,,,,,,,,
B,,Y,W,G,G,M,"LAB;LBY,W;RAG,G;RBM",U,,FP01406,26/09/2010,Turnover,ST5796,Wibdon Wharf,,,,,,,,,,,,,,
B,,Y,W,G,L,M,"LAB;LBY,W;RAG,L;RBM",U,,FP01408,26/09/2010,Turnover,ST5796,Wibdon Wharf,,,,,,,,,,,,,,
B,,Y,W,G,N,M,,D,,,,,,,,,,,,,,,,,,,,
B,,Y,W,G,O,M,"LAB;LBY,W;RAG,O;RBM",U,,FP01409,26/09/2010,Turnover,ST5796,Wibdon Wharf,,,,,,,,,,,,,,
B,,Y,W,G,R,M,"LAB;LBY,W;RAG,R;RBM",U,,FP01410,26/09/2010,Turnover,ST5796,Wibdon Wharf,,,,,,,,,,,,,,
B,,Y,W,G,W,M,"LAB;LBY,W;RAG,W;RBM",U,,FP01412,26/09/2010,Turnover,ST5796,Wibdon Wharf,,,,,,,,,,,,,,
B,,Y,W,G,Y,M,"LAB;LBY,W;RAG,Y;RBM",U,,FP01411,26/09/2010,Turnover,ST5796,Wibdon Wharf,,,,,,,,,,,,,,
B,,Y,W,L,B,M,"LAB;LBY,W;RAL,B;RBM",U,,FP01413,26/09/2010,Turnover,ST5796,Wibdon Wharf,,,,,,,,,,,,,,
B,,Y,W,L,G,M,"LAB;LBY,W;RAL,G;RBM",U,,FP01414,26/09/2010,Turnover,ST5796,Wibdon Wharf,,,,,,,,,,,,,,
B,,Y,W,L,L,M,"LAB;LBY,W;RAL,L;RBM",U,,5330307,26/09/2010,Turnover,ST5796,Wibdon Wharf,,,,,,,,,,,,,,
B,,Y,W,L,N,M,"LAB;LBY,W;RAL,N;RBM",U,,FP01415,26/09/2010,Turnover,ST5796,Wibdon Wharf,,,,,,,,,,,,,,
B,,Y,W,L,O,M,"LAB;LBY,W;RAL,O;RBM",U,,FP01416,26/09/2010,Turnover,ST5796,Wibdon Wharf,,,,,,,,,,,,,,
B,,Y,W,L,R,M,"LAB;LBY,W;RAL,R;RBM",U,,FP01417,26/09/2010,Turnover,ST5796,Wibdon Wharf,,,,,,,,,,,,,,
B,,Y,W,L,W,M,"LAB;LBY,W;RAL,W;RBM",U,,FP01418,26/09/2010,Turnover,ST5796,Wibdon Wharf,,,,,,,,,,,,,,
B,,Y,W,L,Y,M,"LAB;LBY,W;RAL,Y;RBM",U,,FP01420,26/09/2010,Turnover,ST5796,Wibdon Wharf,,,,,,,,,,,,,,
B,,Y,W,N,B,M,,D,,,,,,,,,,,,,,,,,,,,
B,,Y,W,N,G,M,,D,,,,,,,,,,,,,,,,,,,,
B,,Y,W,N,L,M,"LAB;LBY,W;RAN,L;RBM",U,,FP01422,26/09/2010,Turnover,ST5796,Wibdon Wharf,,,,,,,,,,,,,,
B,,Y,W,N,N,M,"LAB;LBY,W;RAN,N;RBM",U,,FP01423,26/09/2010,Turnover,ST5796,Wibdon Wharf,,,,,,,,,,,,,,
B,,Y,W,N,O,M,"LAB;LBY,W;RAN,O;RBM",U,,FP01424,26/09/2010,Turnover,ST5796,Wibdon Wharf,,,,,,,,,,,,,,
B,,Y,W,N,R,M,"LAB;LBY,W;RAN,R;RBM",U,,FP01421,26/09/2010,Turnover,ST5796,Wibdon Wharf,,,,,,,,,,,,,,
B,,Y,W,N,W,M,"LAB;LBY,W;RAN,W;RBM",U,,FP01425,26/09/2010,Turnover,ST5796,Wibdon Wharf,,,,,,,,,,,,,,
B,,Y,W,N,Y,M,"LAB;LBY,W;RAN,Y;RBM",U,,FP01426,26/09/2010,Turnover,ST5796,Wibdon Wharf,,,,,,,,,,,,,,
B,,Y,W,O,B,M,"LAB;LBY,W;RAO,B;RBM",U,,FP01419,26/09/2010,Turnover,ST5796,Wibdon Wharf,,,,,,,,,,,,,,
B,,Y,W,O,G,M,"LAB;LBY,W;RAO,G;RBM",U,,FP01427,26/09/2010,Turnover,ST5796,Wibdon Wharf,,,,,,,,,,,,,,
B,,Y,W,O,L,M,"LAB;LBY,W;RAO,L;RBM",U,,FP01428,26/09/2010,Turnover,ST5796,Wibdon Wharf,,,,,,,,,,,,,,
B,,Y,W,O,N,M,"LAB;LBY,W;RAO,N;RBM",U,,FP01429,26/09/2010,Turnover,ST5796,Wibdon Wharf,,,,,,,,,,,,,,
B,,Y,W,O,O,M,"LAB;LBY,W;RAO,O;RBM",U,,FP01430,26/09/2010,Turnover,ST5796,Wibdon Wharf,,,,,,,,,,,,,,
B,,Y,W,O,R,M,"LAB;LBY,W;RAO,R;RBM",U,,FP01432,26/09/2010,Turnover,ST5796,Wibdon Wharf,,,,,,,,,,,,,,
B,,Y,W,O,W,M,"LAB;LBY,W;RAO,W;RBM",U,,FP01434,26/09/2010,Turnover,ST5796,Wibdon Wharf,,,,,,,,,,,,,,
B,,Y,W,O,Y,M,"LAB;LBY,W;RAO,Y;RBM",U,,FP01433,26/09/2010,Turnover,ST5796,Wibdon Wharf,,,,,,,,,,,,,,
B,,Y,W,R,B,M,"LAB;LBY,W;RAR,B;RBM",U,,FP01431,26/09/2010,Turnover,ST5796,Wibdon Wharf,,,,,,,,,,,,,,
B,,Y,W,R,G,M,"LAB;LBY,W;RAR,G;RBM",U,,FP01435,26/09/2010,Turnover,ST5796,Wibdon Wharf,,,,,,,,,,,,,,
B,,Y,W,R,L,M,"LAB;LBY,W;RAR,L;RBM",U,,FP01436,26/09/2010,Turnover,ST5796,Wibdon Wharf,,,,,,,,,,,,,,
B,,Y,W,R,N,M,"LAB;LBY,W;RAR,N;RBM",U,,FP01437,26/09/2010,Turnover,ST5796,Wibdon Wharf,,,,,,,,,,,,,,
B,,Y,W,R,O,M,"LAB;LBY,W;RAR,O;RBM",U,,FP01438,26/09/2010,Turnover,ST5796,Wibdon Wharf,,,,,,,,,,,,,,
B,,Y,W,R,R,M,"LAB;LBY,W;RAR,R;RBM",U,,FP01439,26/09/2010,Turnover,ST5796,Wibdon Wharf,,,,,,,,,,,,,,
B,,Y,W,R,W,M,"LAB;LBY,W;RAR,W;RBM",U,,FP01441,26/09/2010,Turnover,ST5796,Wibdon Wharf,,,,,,,,,,,,,,
B,,Y,W,R,Y,M,"LAB;LBY,W;RAR,Y;RBM",U,,FP01444,26/09/2010,Turnover,ST5796,Wibdon Wharf,,,,,,,,,,,,,,
B,,Y,W,W,B,M,"LAB;LBY,W;RAW,B;RBM",U,,FP01440,26/09/2010,Turnover,ST5796,Wibdon Wharf,,,,,,,,,,,,,,
B,,Y,W,W,G,M,"LAB;LBY,W;RAW,G;RBM",U,,FP01442,26/09/2010,Turnover,ST5796,Wibdon Wharf,,,,,,,,,,,,,,
B,,Y,W,W,L,M,"LAB;LBY,W;RAW,L;RBM",U,,FP01445,26/09/2010,Turnover,ST5796,Wibdon Wharf,,,,,,,,,,,,,,
B,,Y,W,W,N,M,"LAB;LBY,W;RAW,N;RBM",U,,CT113993,26/09/2010,Turnover,ST5796,Wibdon Wharf,,,,,,,,,,,,,,
B,,Y,W,W,O,M,"LAB;LBY,W;RAW,O;RBM",U,,FP01447,26/09/2010,Turnover,ST5796,Wibdon Wharf,,,,,,,,,,,,,,
B,,Y,W,W,R,M,"LAB;LBY,W;RAW,R;RBM",U,,FP01443,26/09/2010,Turnover,ST5796,Wibdon Wharf,,,,,,,,,,,,,,
B,,Y,W,W,W,M,"LAB;LBY,W;RAW,W;RBM",U,,FP01446,26/09/2010,Turnover,ST5796,Wibdon Wharf,,,,,,,,,,,,,,
B,,Y,W,W,Y,M,"LAB;LBY,W;RAW,Y;RBM",U,,FP01448,26/09/2010,Turnover,ST5796,Wibdon Wharf,,,,,,,,,,,,,,
B,,Y,W,Y,B,M,"LAB;LBY,W;RAY,B;RBM",U,,FP01449,26/09/2010,Turnover,ST5796,Wibdon Wharf,,,,,,,,,,,,,,
B,,Y,W,Y,G,M,"LAB;LBY,W;RAY,G;RBM",U,,FP01451,26/09/2010,Turnover,ST5796,Wibdon Wharf,,,,,,,,,,,,,,
B,,Y,W,Y,L,M,"LAB;LBY,W;RAY,L;RBM",U,,FP01454,26/09/2010,Turnover,ST5796,Wibdon Wharf,,,,,,,,,,,,,,
B,,Y,W,Y,N,M,"LAB;LBY,W;RAY,N;RBM",U,,FP01450,26/09/2010,Turnover,ST5796,Wibdon Wharf,,,,,,,,,,,,,,
B,,Y,W,Y,O,M,"LAB;LBY,W;RAY,O;RBM",U,,FP01453,26/09/2010,Turnover,ST5796,Wibdon Wharf,,,,,,,,,,,,,,
B,,Y,W,Y,R,M,"LAB;LBY,W;RAY,R;RBM",U,,FP01452,26/09/2010,Turnover,ST5796,Wibdon Wharf,,,,,,,,,,,,,,
B,,Y,W,Y,W,M,"LAB;LBY,W;RAY,W;RBM",U,,FP01455,26/09/2010,Turnover,ST5796,Wibdon Wharf,,,,,,,,,,,,,,
B,,Y,W,Y,Y,M,"LAB;LBY,W;RAY,Y;RBM",U,,FP01456,26/09/2010,Turnover,ST5796,Wibdon Wharf,,,,,,,,,,,,,,
G,,Y,W,B,B,M,,N,,,,,,,,,,,,,,,,,,,,
G,,Y,W,B,G,M,,D,,,,,,,,,,,,,,,,,,,,
G,,Y,W,B,L,M,,N,,,,,,,,,,,,,,,,,,,,
G,,Y,W,B,N,M,,D,,,,,,,,,,,,,,,,,,,,
G,,Y,W,B,O,M,,N,,,,,,,,,,,,,,,,,,,,
G,,Y,W,B,R,M,,N,,,,,,,,,,,,,,,,,,,,
G,,Y,W,B,W,M,,N,,,,,,,,,,,,,,,,,,,,
G,,Y,W,B,Y,M,,N,,,,,,,,,,,,,,,,,,,,
G,,Y,W,G,B,M,,D,,,,,,,,,,,,,,,,,,,,
G,,Y,W,G,G,M,,N,,,,,,,,,,,,,,,,,,,,
G,,Y,W,G,L,M,,N,,,,,,,,,,,,,,,,,,,,
G,,Y,W,G,N,M,,D,,,,,,,,,,,,,,,,,,,,
G,,Y,W,G,O,M,,N,,,,,,,,,,,,,,,,,,,,
G,,Y,W,G,R,M,,N,,,,,,,,,,,,,,,,,,,,
G,,Y,W,G,W,M,,N,,,,,,,,,,,,,,,,,,,,
G,,Y,W,G,Y,M,,N,,,,,,,,,,,,,,,,,,,,
G,,Y,W,L,B,M,,N,,,,,,,,,,,,,,,,,,,,
G,,Y,W,L,G,M,,N,,,,,,,,,,,,,,,,,,,,
G,,Y,W,L,L,M,,N,,,,,,,,,,,,,,,,,,,,
G,,Y,W,L,N,M,,N,,,,,,,,,,,,,,,,,,,,
G,,Y,W,L,O,M,,N,,,,,,,,,,,,,,,,,,,,
G,,Y,W,L,R,M,,N,,,,,,,,,,,,,,,,,,,,
G,,Y,W,L,W,M,,D,,,,,,,,,,,,,,,,,,,,
G,,Y,W,L,Y,M,,N,,,,,,,,,,,,,,,,,,,,
G,,Y,W,N,B,M,,D,,,,,,,,,,,,,,,,,,,,
G,,Y,W,N,G,M,,D,,,,,,,,,,,,,,,,,,,,
G,,Y,W,N,L,M,,N,,,,,,,,,,,,,,,,,,,,
G,,Y,W,N,N,M,,N,,,,,,,,,,,,,,,,,,,,
G,,Y,W,N,O,M,,N,,,,,,,,,,,,,,,,,,,,
G,,Y,W,N,R,M,,N,,,,,,,,,,,,,,,,,,,,
G,,Y,W,N,W,M,,N,,,,,,,,,,,,,,,,,,,,
G,,Y,W,N,Y,M,,N,,,,,,,,,,,,,,,,,,,,
G,,Y,W,O,B,M,,N,,,,,,,,,,,,,,,,,,,,
G,,Y,W,O,G,M,,N,,,,,,,,,,,,,,,,,,,,
G,,Y,W,O,L,M,,N,,,,,,,,,,,,,,,,,,,,
G,,Y,W,O,N,M,,N,,,,,,,,,,,,,,,,,,,,
G,,Y,W,O,O,M,,N,,,,,,,,,,,,,,,,,,,,
G,,Y,W,O,R,M,,N,,,,,,,,,,,,,,,,,,,,
G,,Y,W,O,W,M,,N,,,,,,,,,,,,,,,,,,,,
G,,Y,W,O,Y,M,,N,,,,,,,,,,,,,,,,,,,,
G,,Y,W,R,B,M,,N,,,,,,,,,,,,,,,,,,,,
G,,Y,W,R,G,M,,N,,,,,,,,,,,,,,,,,,,,
G,,Y,W,R,L,M,,N,,,,,,,,,,,,,,,,,,,,
G,,Y,W,R,N,M,,N,,,,,,,,,,,,,,,,,,,,
G,,Y,W,R,O,M,,N,,,,,,,,,,,,,,,,,,,,
G,,Y,W,R,R,M,,N,,,,,,,,,,,,,,,,,,,,
G,,Y,W,R,W,M,,N,,,,,,,,,,,,,,,,,,,,
G,,Y,W,R,Y,M,,N,,,,,,,,,,,,,,,,,,,,
G,,Y,W,W,B,M,,N,,,,,,,,,,,,,,,,,,,,
G,,Y,W,W,G,M,,N,,,,,,,,,,,,,,,,,,,,
G,,Y,W,W,L,M,,N,,,,,,,,,,,,,,,,,,,,
G,,Y,W,W,N,M,,N,,,,,,,,,,,,,,,,,,,,
G,,Y,W,W,O,M,,N,,,,,,,,,,,,,,,,,,,,
G,,Y,W,W,R,M,,N,,,,,,,,,,,,,,,,,,,,
G,,Y,W,W,W,M,,N,,,,,,,,,,,,,,,,,,,,
G,,Y,W,W,Y,M,,N,,,,,,,,,,,,,,,,,,,,
G,,Y,W,Y,B,M,,N,,,,,,,,,,,,,,,,,,,,
G,,Y,W,Y,G,M,,N,,,,,,,,,,,,,,,,,,,,
G,,Y,W,Y,L,M,,N,,,,,,,,,,,,,,,,,,,,
G,,Y,W,Y,N,M,,N,,,,,,,,,,,,,,,,,,,,
G,,Y,W,Y,O,M,,N,,,,,,,,,,,,,,,,,,,,
G,,Y,W,Y,R,M,,N,,,,,,,,,,,,,,,,,,,,
G,,Y,W,Y,W,M,,N,,,,,,,,,,,,,,,,,,,,
G,,Y,W,Y,Y,M,,N,,,,,,,,,,,,,,,,,,,,
L,,Y,W,B,B,M,"LAL;LBY,W;RAB,B;RBM",U,,FP01458,26/09/2010,Turnover,ST5796,Wibdon Wharf,,,,,,,,,,,,,,
L,,Y,W,B,G,M,,D,,,,,,,,,,,,,,,,,,,,
L,,Y,W,B,L,M,"LAL;LBY,W;RAB,L;RBM",U,,FP01465,27/09/2011,Turnover,ST5796,Wibdon Wharf,,,,,,,,,,,,,,
L,,Y,W,B,N,M,,D,,,,,,,,,,,,,,,,,,,,
L,,Y,W,B,O,M,"LAL;LBY,W;RAB,O;RBM",U,,FP01464,26/09/2010,Turnover,ST5796,Wibdon Wharf,,,,,,,,,,,,,,
L,,Y,W,B,R,M,"LAL;LBY,W;RAB,R;RBM",U,,FP01460,26/09/2010,Turnover,ST5796,Wibdon Wharf,,,,,,,,,,,,,,
L,,Y,W,B,W,M,"LAL;LBY,W;RAB,W;RBM",U,,FP01466,27/09/2011,Turnover,ST5796,Wibdon Wharf,,,,,,,,,,,,,,
L,,Y,W,B,Y,M,"LAL;LBY,W;RAB,Y;RBM",U,,FP01461,26/09/2010,Turnover,ST5796,Wibdon Wharf,,,,,,,,,,,,,,
L,,Y,W,G,B,M,,D,,,,,,,,,,,,,,,,,,,,
L,,Y,W,G,G,M,"LAL;LBY,W;RAG,G;RBM",U,,FP01469,27/09/2011,Turnover,ST5796,Wibdon Wharf,,,,,,,,,,,,,,
L,,Y,W,G,L,M,"LAL;LBY,W;RAG,L;RBM",U,,FP01467,27/09/2011,Turnover,ST5796,Wibdon Wharf,,,,,,,,,,,,,,
L,,Y,W,G,N,M,,D,,,,,,,,,,,,,,,,,,,,
L,,Y,W,G,O,M,"LAL;LBY,W;RAG,O;RBM",U,,FP01471,27/09/2011,Turnover,ST5796,Wibdon Wharf,,,,,,,,,,,,,,
L,,Y,W,G,R,M,"LAL;LBY,W;RAG,R;RBM",U,,FP01472,27/09/2011,Turnover,ST5796,Wibdon Wharf,,,,,,,,,,,,,,
L,,Y,W,G,W,M,"LAL;LBY,W;RAG,W;RBM",U,,FP01468,27/09/2011,Turnover,ST5796,Wibdon Wharf,,,,,,,,,,,,,,
L,,Y,W,G,Y,M,"LAL;LBY,W;RAG,Y;RBM",U,,FP01470,27/09/2011,Turnover,ST5796,Wibdon Wharf,,,,,,,,,,,,,,
L,,Y,W,L,B,M,"LAL;LBY,W;RAL,B;RBM",U,,FP01473,27/09/2011,Turnover,ST5796,Wibdon Wharf,,,,,,,,,,,,,,
L,,Y,W,L,G,M,"LAL;LBY,W;RAL,G;RBM",U,,FP01476,27/09/2011,Turnover,ST5796,Wibdon Wharf,,,,,,,,,,,,,,
L,,Y,W,L,L,M,"LAL;LBY,W;RAL,L;RBM",U,,FP01475,27/09/2011,Turnover,ST5796,Wibdon Wharf,,,,,,,,,,,,,,
L,,Y,W,L,N,M,"LAL;LBY,W;RAL,N;RBM",U,,FP01474,27/09/2011,Turnover,ST5796,Wibdon Wharf,,,,,,,,,,,,,,
L,,Y,W,L,O,M,,N,,,,,,,,,,,,,,,,,,,,
L,,Y,W,L,R,M,,N,,,,,,,,,,,,,,,,,,,,
L,,Y,W,L,W,M,,N,,,,,,,,,,,,,,,,,,,,
L,,Y,W,L,Y,M,,N,,,,,,,,,,,,,,,,,,,,
L,,Y,W,N,B,M,,D,,,,,,,,,,,,,,,,,,,,
L,,Y,W,N,G,M,,D,,,,,,,,,,,,,,,,,,,,
L,,Y,W,N,L,M,,N,,,,,,,,,,,,,,,,,,,,
L,,Y,W,N,N,M,"LAL;LBY,W;RAN,N;RBM",U,,FP01462,26/09/2010,Turnover,ST5796,Wibdon Wharf,,,,,,,,,,,,,,
L,,Y,W,N,O,M,"LAL;LBY,W;RAN,O;RBM",U,,FP01463,26/09/2010,Turnover,ST5796,Wibdon Wharf,,,,,,,,,,,,,,
L,,Y,W,N,R,M,"LAL;LBY,W;RAN,R;RBM",U,,FP01459,26/09/2010,Turnover,ST5796,Wibdon Wharf,,,,,,,,,,,,,,
L,,Y,W,N,W,M,"LAL;LBY,W;RAN,W;RBM",U,,FP01457,26/09/2010,Turnover,ST5796,Wibdon Wharf,,,,,,,,,,,,,,
L,,Y,W,N,Y,M,,N,,,,,,,,,,,,,,,,,,,,
L,,Y,W,O,B,M,"LAL;LBY,W;RAO,B;RBM",U,,FP01478,27/09/2011,Turnover,ST5796,Wibdon Wharf,,,,,,,,,,,,,,
L,,Y,W,O,G,M,"LAL;LBY,W;RAO,G;RBM",U,,FP01477,27/09/2011,Turnover,ST5796,Wibdon Wharf,,,,,,,,,,,,,,
L,,Y,W,O,L,M,,N,,,,,,,,,,,,,,,,,,,,
L,,Y,W,O,N,M,"LAL;LBY,W;RAO,N;RBM",U,,FP01480,27/09/2011,Turnover,ST5796,Wibdon Wharf,,,,,,,,,,,,,,
L,,Y,W,O,O,M,"LAL;LBY,W;RAO,O;RBM",U,,FP01479,27/09/2011,Turnover,ST5796,Wibdon Wharf,,,,,,,,,,,,,,
L,,Y,W,O,R,M,"LAL;LBY,W;RAO,R;RBM",U,,FP01482,27/09/2011,Turnover,ST5796,Wibdon Wharf,,,,,,,,,,,,,,
L,,Y,W,O,W,M,"LAL;LBY,W;RAO,W;RBM",U,,FP01481,27/09/2011,Turnover,ST5796,Wibdon Wharf,,,,,,,,,,,,,,
L,,Y,W,O,Y,M,"LAL;LBY,W;RAO,Y;RBM",U,,FP01484,27/09/2011,Turnover,ST5796,Wibdon Wharf,,,,,,,,,,,,,,
L,,Y,W,R,B,M,"LAL;LBY,W;RAR,B;RBM",U,,FP87955,07/10/2013,Turnover,ST5796,Wibdon Wharf,,,,,,,,,,,,,,
L,,Y,W,R,G,M,,N,,,,,,,,,,,,,,,,,,,,
L,,Y,W,R,L,M,"LAL;LBY,W;RAR,L;RBM",U,,FP87956,07/10/2013,Turnover,ST5796,Wibdon Wharf,,,,,,,,,,,,,,
L,,Y,W,R,N,M,"LAL;LBY,W;RAR,N;RBM",U,,FP87959,07/10/2013,Turnover,ST5796,Wibdon Wharf,,,,,,,,,,,,,,
L,,Y,W,R,O,M,"LAL;LBY,W;RAR,O;RBM",U,,FP87957,07/10/2013,Turnover,ST5796,Wibdon Wharf,,,,,,,,,,,,,,
L,,Y,W,R,R,M,"LAL;LBY,W;RAR,R;RBM",U,,FP87958,07/10/2013,Turnover,ST5796,Wibdon Wharf,,,,,,,,,,,,,,
L,,Y,W,R,W,M,,N,,,,,,,,,,,,,,,,,,,,
L,,Y,W,R,Y,M,"LAL;LBY,W;RAR,Y;RBM",U,,FP87960,07/10/2013,Turnover,ST5796,Wibdon Wharf,,,,,,,,,,,,,,
L,,Y,W,W,B,M,"LAL;LBY,W;RAW,B;RBM",U,,FP87961,07/10/2013,Turnover,ST5796,Wibdon Wharf,,,,,,,,,,,,,,
L,,Y,W,W,G,M,,N,,,,,,,,,,,,,,,,,,,,
L,,Y,W,W,L,M,"LAL;LBY,W;RAW,L;RBM",U,,FP87964,07/10/2013,Turnover,ST5796,Wibdon Wharf,,,,,,,,,,,,,,
L,,Y,W,W,N,M,"LAL;LBY,W;RAW,N;RBM",U,,FP87962,07/10/2013,Turnover,ST5796,Wibdon Wharf,,,,,,,,,,,,,,
L,,Y,W,W,O,M,"LAL;LBY,W;RAW,O;RBM",U,,FP87963,07/10/2013,Turnover,ST5796,Wibdon Wharf,,,,,,,,,,,,,,
L,,Y,W,W,R,M,"LAL;LBY,W;RAW,R;RBM",U,,FP87965,07/10/2013,Turnover,ST5796,Wibdon Wharf,,,,,,,,,,,,,,
L,,Y,W,W,W,M,,N,,,,,,,,,,,,,,,,,,,,
L,,Y,W,W,Y,M,"LAL;LBY,W;RAW,Y;RBM",U,,FP87966,07/10/2013,Turnover,ST5796,Wibdon Wharf,,,,,,,,,,,,,,
L,,Y,W,Y,B,M,"LAL;LBY,W;RAY,B;RBM",U,,FP87967,07/10/2013,Turnover,ST5796,Wibdon Wharf,,,,,,,,,,,,,,
L,,Y,W,Y,G,M,,N,,,,,,,,,,,,,,,,,,,,
L,,Y,W,Y,L,M,"LAL;LBY,W;RAY,L;RBM",U,,FP87968,07/10/2013,Turnover,ST5796,Wibdon Wharf,,,,,,,,,,,,,,
L,,Y,W,Y,N,M,"LAL;LBY,W;RAY,N;RBM",U,,FP87969,07/10/2013,Turnover,ST5796,Wibdon Wharf,,,,,,,,,,,,,,
L,,Y,W,Y,O,M,"LAL;LBY,W;RAY,O;RBM",U,,FP87970,07/10/2013,Turnover,ST5796,Wibdon Wharf,,,,,,,,,,,,,,
L,,Y,W,Y,R,M,"LAL;LBY,W;RAY,R;RBM",U,,FP87972,07/10/2013,Turnover,ST5796,Wibdon Wharf,,,,,,,,,,,,,,
L,,Y,W,Y,W,M,,N,,,,,,,,,,,,,,,,,,,,
L,,Y,W,Y,Y,M,"LAL;LBY,W;RAY,Y;RBM",U,,FP87971,07/10/2013,Turnover,ST5796,Wibdon Wharf,,,,,,,,,,,,,,
N,,Y,W,B,B,M,,N,,,,,,,,,,,,,,,,,,,,
N,,Y,W,B,G,M,,D,,,,,,,,,,,,,,,,,,,,
N,,Y,W,B,L,M,,N,,,,,,,,,,,,,,,,,,,,
N,,Y,W,B,N,M,,D,,,,,,,,,,,,,,,,,,,,
N,,Y,W,B,O,M,,N,,,,,,,,,,,,,,,,,,,,
N,,Y,W,B,R,M,,N,,,,,,,,,,,,,,,,,,,,
N,,Y,W,B,W,M,,N,,,,,,,,,,,,,,,,,,,,
N,,Y,W,B,Y,M,,N,,,,,,,,,,,,,,,,,,,,
N,,Y,W,G,B,M,,D,,,,,,,,,,,,,,,,,,,,
N,,Y,W,G,G,M,,N,,,,,,,,,,,,,,,,,,,,
N,,Y,W,G,L,M,,N,,,,,,,,,,,,,,,,,,,,
N,,Y,W,G,N,M,,D,,,,,,,,,,,,,,,,,,,,
N,,Y,W,G,O,M,,N,,,,,,,,,,,,,,,,,,,,
N,,Y,W,G,R,M,,N,,,,,,,,,,,,,,,,,,,,
N,,Y,W,G,W,M,,N,,,,,,,,,,,,,,,,,,,,
N,,Y,W,G,Y,M,,N,,,,,,,,,,,,,,,,,,,,
N,,Y,W,L,B,M,,N,,,,,,,,,,,,,,,,,,,,
N,,Y,W,L,G,M,,N,,,,,,,,,,,,,,,,,,,,
N,,Y,W,L,L,M,,N,,,,,,,,,,,,,,,,,,,,
N,,Y,W,L,N,M,,N,,,,,,,,,,,,,,,,,,,,
N,,Y,W,L,O,M,,N,,,,,,,,,,,,,,,,,,,,
N,,Y,W,L,R,M,,N,,,,,,,,,,,,,,,,,,,,
N,,Y,W,L,W,M,,D,,,,,,,,,,,,,,,,,,,,
N,,Y,W,L,Y,M,,N,,,,,,,,,,,,,,,,,,,,
N,,Y,W,N,B,M,,D,,,,,,,,,,,,,,,,,,,,
N,,Y,W,N,G,M,,D,,,,,,,,,,,,,,,,,,,,
N,,Y,W,N,L,M,,N,,,,,,,,,,,,,,,,,,,,
N,,Y,W,N,N,M,,N,,,,,,,,,,,,,,,,,,,,
N,,Y,W,N,O,M,,N,,,,,,,,,,,,,,,,,,,,
N,,Y,W,N,R,M,,N,,,,,,,,,,,,,,,,,,,,
N,,Y,W,N,W,M,,N,,,,,,,,,,,,,,,,,,,,
N,,Y,W,N,Y,M,,N,,,,,,,,,,,,,,,,,,,,
N,,Y,W,O,B,M,,N,,,,,,,,,,,,,,,,,,,,
N,,Y,W,O,G,M,,N,,,,,,,,,,,,,,,,,,,,
N,,Y,W,O,L,M,,N,,,,,,,,,,,,,,,,,,,,
N,,Y,W,O,N,M,,N,,,,,,,,,,,,,,,,,,,,
N,,Y,W,O,O,M,,N,,,,,,,,,,,,,,,,,,,,
N,,Y,W,O,R,M,,N,,,,,,,,,,,,,,,,,,,,
N,,Y,W,O,W,M,,N,,,,,,,,,,,,,,,,,,,,
N,,Y,W,O,Y,M,,N,,,,,,,,,,,,,,,,,,,,
N,,Y,W,R,B,M,,N,,,,,,,,,,,,,,,,,,,,
N,,Y,W,R,G,M,,N,,,,,,,,,,,,,,,,,,,,
N,,Y,W,R,L,M,,N,,,,,,,,,,,,,,,,,,,,
N,,Y,W,R,N,M,,N,,,,,,,,,,,,,,,,,,,,
N,,Y,W,R,O,M,,N,,,,,,,,,,,,,,,,,,,,
N,,Y,W,R,R,M,,N,,,,,,,,,,,,,,,,,,,,
N,,Y,W,R,W,M,,N,,,,,,,,,,,,,,,,,,,,
N,,Y,W,R,Y,M,,N,,,,,,,,,,,,,,,,,,,,
N,,Y,W,W,B,M,,N,,,,,,,,,,,,,,,,,,,,
N,,Y,W,W,G,M,,N,,,,,,,,,,,,,,,,,,,,
N,,Y,W,W,L,M,,N,,,,,,,,,,,,,,,,,,,,
N,,Y,W,W,N,M,,N,,,,,,,,,,,,,,,,,,,,
N,,Y,W,W,O,M,,N,,,,,,,,,,,,,,,,,,,,
N,,Y,W,W,R,M,,N,,,,,,,,,,,,,,,,,,,,
N,,Y,W,W,W,M,,N,,,,,,,,,,,,,,,,,,,,
N,,Y,W,W,Y,M,,N,,,,,,,,,,,,,,,,,,,,
N,,Y,W,Y,B,M,,N,,,,,,,,,,,,,,,,,,,,
N,,Y,W,Y,G,M,,N,,,,,,,,,,,,,,,,,,,,
N,,Y,W,Y,L,M,,N,,,,,,,,,,,,,,,,,,,,
N,,Y,W,Y,N,M,,N,,,,,,,,,,,,,,,,,,,,
N,,Y,W,Y,O,M,,N,,,,,,,,,,,,,,,,,,,,
N,,Y,W,Y,R,M,,N,,,,,,,,,,,,,,,,,,,,
N,,Y,W,Y,W,M,,N,,,,,,,,,,,,,,,,,,,,
N,,Y,W,Y,Y,M,,N,,,,,,,,,,,,,,,,,,,,
O,,Y,W,B,B,M,"LAO;LBY,W;RAB,B;RBM",U,,FH73011,07/10/2013,Turnover,ST5796,Wibdon Wharf,,,,,,,,,,,,,,
O,,Y,W,B,G,M,,D,,,,,,,,,,,,,,,,,,,,
O,,Y,W,B,L,M,"LAO;LBY,W;RAB,L;RBM",U,,FH73010,07/10/2013,Turnover,ST5796,Wibdon Wharf,,,,,,,,,,,,,,
O,,Y,W,B,N,M,,D,,,,,,,,,,,,,,,,,,,,
O,,Y,W,B,O,M,,N,,,,,,,,,,,,,,,,,,,,
O,,Y,W,B,R,M,"LAO;LBY,W;RAB,R;RBM",U,,FH73013,07/10/2013,Turnover,ST5796,Wibdon Wharf,,,,,,,,,,,,,,
O,,Y,W,B,W,M,,N,,,,,,,,,,,,,,,,,,,,
O,,Y,W,B,Y,M,"LAO;LBY,W;RAB,Y;RBM",U,,FH73012,07/10/2013,Turnover,ST5796,Wibdon Wharf,,,,,,,,,,,,,,
O,,Y,W,G,B,M,,D,,,,,,,,,,,,,,,,,,,,
O,,Y,W,G,G,M,,N,,,,,,,,,,,,,,,,,,,,
O,,Y,W,G,L,M,,N,,,,,,,,,,,,,,,,,,,,
O,,Y,W,G,N,M,,D,,,,,,,,,,,,,,,,,,,,
O,,Y,W,G,O,M,,N,,,,,,,,,,,,,,,,,,,,
O,,Y,W,G,R,M,,N,,,,,,,,,,,,,,,,,,,,
O,,Y,W,G,W,M,,N,,,,,,,,,,,,,,,,,,,,
O,,Y,W,G,Y,M,,N,,,,,,,,,,,,,,,,,,,,
O,,Y,W,L,B,M,,N,,,,,,,,,,,,,,,,,,,,
O,,Y,W,L,G,M,,N,,,,,,,,,,,,,,,,,,,,
O,,Y,W,L,L,M,,N,,,,,,,,,,,,,,,,,,,,
O,,Y,W,L,N,M,,N,,,,,,,,,,,,,,,,,,,,
O,,Y,W,L,O,M,,N,,,,,,,,,,,,,,,,,,,,
O,,Y,W,L,R,M,,N,,,,,,,,,,,,,,,,,,,,
O,,Y,W,L,W,M,,D,,,,,,,,,,,,,,,,,,,,
O,,Y,W,L,Y,M,,N,,,,,,,,,,,,,,,,,,,,
O,,Y,W,N,B,M,,D,,,,,,,,,,,,,,,,,,,,
O,,Y,W,N,G,M,,D,,,,,,,,,,,,,,,,,,,,
O,,Y,W,N,L,M,"LAO;LBY,W;RAN,L;RBM",U,,FH73015,07/10/2013,Turnover,ST5796,Wibdon Wharf,,,,,,,,,,,,,,
O,,Y,W,N,N,M,"LAO;LBY,W;RAN,N;RBM",U,,FH73016,07/10/2013,Turnover,ST5796,Wibdon Wharf,,,,,,,,,,,,,,
O,,Y,W,N,O,M,,N,,,,,,,,,,,,,,,,,,,,
O,,Y,W,N,R,M,"LAO;LBY,W;RAN,R;RBM",U,,FH73014,07/10/2013,Turnover,ST5796,Wibdon Wharf,,,,,,,,,,,,,,
O,,Y,W,N,W,M,,N,,,,,,,,,,,,,,,,,,,,
O,,Y,W,N,Y,M,"LAO;LBY,W;RAN,Y;RBM",U,,FH73017,07/10/2013,Turnover,ST5796,Wibdon Wharf,,,,,,,,,,,,,,
O,,Y,W,O,B,M,,N,,,,,,,,,,,,,,,,,,,,
O,,Y,W,O,G,M,,N,,,,,,,,,,,,,,,,,,,,
O,,Y,W,O,L,M,,N,,,,,,,,,,,,,,,,,,,,
O,,Y,W,O,N,M,,N,,,,,,,,,,,,,,,,,,,,
O,,Y,W,O,O,M,,N,,,,,,,,,,,,,,,,,,,,
O,,Y,W,O,R,M,,N,,,,,,,,,,,,,,,,,,,,
O,,Y,W,O,W,M,,N,,,,,,,,,,,,,,,,,,,,
O,,Y,W,O,Y,M,,N,,,,,,,,,,,,,,,,,,,,
O,,Y,W,R,B,M,,N,,,,,,,,,,,,,,,,,,,,
O,,Y,W,R,G,M,,N,,,,,,,,,,,,,,,,,,,,
O,,Y,W,R,L,M,"LAO;LBY,W;RAR,L;RBM",U,,FH73020,07/10/2013,Turnover,ST5796,Wibdon Wharf,,,,,,,,,,,,,,
O,,Y,W,R,N,M,,N,,,,,,,,,,,,,,,,,,,,
O,,Y,W,R,O,M,,N,,,,,,,,,,,,,,,,,,,,
O,,Y,W,R,R,M,"LAO;LBY,W;RAR,R;RBM",U,,FH73019,07/10/2013,Turnover,ST5796,Wibdon Wharf,,,,,,,,,,,,,,
O,,Y,W,R,W,M,,N,,,,,,,,,,,,,,,,,,,,
O,,Y,W,R,Y,M,,N,,,,,,,,,,,,,,,,,,,,
O,,Y,W,W,B,M,,N,,,,,,,,,,,,,,,,,,,,
O,,Y,W,W,G,M,,N,,,,,,,,,,,,,,,,,,,,
O,,Y,W,W,L,M,,N,,,,,,,,,,,,,,,,,,,,
O,,Y,W,W,N,M,,N,,,,,,,,,,,,,,,,,,,,
O,,Y,W,W,O,M,,N,,,,,,,,,,,,,,,,,,,,
O,,Y,W,W,R,M,,N,,,,,,,,,,,,,,,,,,,,
O,,Y,W,W,W,M,,N,,,,,,,,,,,,,,,,,,,,
O,,Y,W,W,Y,M,,N,,,,,,,,,,,,,,,,,,,,
O,,Y,W,Y,B,M,,N,,,,,,,,,,,,,,,,,,,,
O,,Y,W,Y,G,M,,N,,,,,,,,,,,,,,,,,,,,
O,,Y,W,Y,L,M,,N,,,,,,,,,,,,,,,,,,,,
O,,Y,W,Y,N,M,,N,,,,,,,,,,,,,,,,,,,,
O,,Y,W,Y,O,M,,N,,,,,,,,,,,,,,,,,,,,
O,,Y,W,Y,R,M,,N,,,,,,,,,,,,,,,,,,,,
O,,Y,W,Y,W,M,,N,,,,,,,,,,,,,,,,,,,,
O,,Y,W,Y,Y,M,,N,,,,,,,,,,,,,,,,,,,,
R,,Y,W,B,B,M,"LAR;LBY,W;RAB,B;RBM",U,,FP87973,07/10/2013,Turnover,ST5796,Wibdon Wharf,,,,,,,,,,,,,,
R,,Y,W,B,G,M,,D,,,,,,,,,,,,,,,,,,,,
R,,Y,W,B,L,M,"LAR;LBY,W;RAB,L;RBM",U,,FP87975,07/10/2013,Turnover,ST5796,Wibdon Wharf,,,,,,,,,,,,,,
R,,Y,W,B,N,M,,D,,,,,,,,,,,,,,,,,,,,
R,,Y,W,B,O,M,"LAR;LBY,W;RAB,O;RBM",U,,FP87976,07/10/2013,Turnover,ST5796,Wibdon Wharf,,,,,,,,,,,,,,
R,,Y,W,B,R,M,"LAR;LBY,W;RAB,R;RBM",U,,FP87974,07/10/2013,Turnover,ST5796,Wibdon Wharf,,,,,,,,,,,,,,
R,,Y,W,B,W,M,,N,,,,,,,,,,,,,,,,,,,,
R,,Y,W,B,Y,M,"LAR;LBY,W;RAB,Y;RBM",U,,FP87977,07/10/2013,Turnover,ST5796,Wibdon Wharf,,,,,,,,,,,,,,
R,,Y,W,G,B,M,,D,,,,,,,,,,,,,,,,,,,,
R,,Y,W,G,G,M,"LAR;LBY,W;RAG,G;RBM",U,,FP87988,07/10/2013,Turnover,ST5796,Wibdon Wharf,,,,,,,,,,,,,,
R,,Y,W,G,L,M,,N,,,,,,,,,,,,,,,,,,,,
R,,Y,W,G,N,M,,D,,,,,,,,,,,,,,,,,,,,
R,,Y,W,G,O,M,,N,,,,,,,,,,,,,,,,,,,,
R,,Y,W,G,R,M,,N,,,,,,,,,,,,,,,,,,,,
R,,Y,W,G,W,M,,N,,,,,,,,,,,,,,,,,,,,
R,,Y,W,G,Y,M,,N,,,,,,,,,,,,,,,,,,,,
R,,Y,W,L,B,M,,N,,,,,,,,,,,,,,,,,,,,
R,,Y,W,L,G,M,,N,,,,,,,,,,,,,,,,,,,,
R,,Y,W,L,L,M,,N,,,,,,,,,,,,,,,,,,,,
R,,Y,W,L,N,M,,N,,,,,,,,,,,,,,,,,,,,
R,,Y,W,L,O,M,,N,,,,,,,,,,,,,,,,,,,,
R,,Y,W,L,R,M,,N,,,,,,,,,,,,,,,,,,,,
R,,Y,W,L,W,M,,D,,,,,,,,,,,,,,,,,,,,
R,,Y,W,L,Y,M,,N,,,,,,,,,,,,,,,,,,,,
R,,Y,W,N,B,M,,D,,,,,,,,,,,,,,,,,,,,
R,,Y,W,N,G,M,,D,,,,,,,,,,,,,,,,,,,,
R,,Y,W,N,L,M,"LAR;LBY,W;RAN,L;RBM",U,,FP87981,07/10/2013,Turnover,ST5796,Wibdon Wharf,,,,,,,,,,,,,,
R,,Y,W,N,N,M,"LAR;LBY,W;RAN,N;RBM",U,,FP87978,07/10/2013,Turnover,ST5796,Wibdon Wharf,,,,,,,,,,,,,,
R,,Y,W,N,O,M,"LAR;LBY,W;RAN,O;RBM",U,,FP87979,07/10/2013,Turnover,ST5796,Wibdon Wharf,,,,,,,,,,,,,,
R,,Y,W,N,R,M,"LAR;LBY,W;RAN,R;RBM",U,,FP87980,07/10/2013,Turnover,ST5796,Wibdon Wharf,,,,,,,,,,,,,,
R,,Y,W,N,W,M,,N,,,,,,,,,,,,,,,,,,,,
R,,Y,W,N,Y,M,"LAR;LBY,W;RAN,Y;RBM",U,,FP87982,07/10/2013,Turnover,ST5796,Wibdon Wharf,,,,,,,,,,,,,,
R,,Y,W,O,B,M,"LAR;LBY,W;RAO,B;RBM",U,,FP87983,07/10/2013,Turnover,ST5796,Wibdon Wharf,,,,,,,,,,,,,,
R,,Y,W,O,G,M,,N,,,,,,,,,,,,,,,,,,,,
R,,Y,W,O,L,M,"LAR;LBY,W;RAO,L;RBM",U,,FP87985,07/10/2013,Turnover,ST5796,Wibdon Wharf,,,,,,,,,,,,,,
R,,Y,W,O,N,M,"LAR;LBY,W;RAO,N;RBM",U,,FP87984,07/10/2013,Turnover,ST5796,Wibdon Wharf,,,,,,,,,,,,,,
R,,Y,W,O,O,M,"LAR;LBY,W;RAO,O;RBM",U,,FP87986,07/10/2013,Turnover,ST5796,Wibdon Wharf,,,,,,,,,,,,,,
R,,Y,W,O,R,M,"LAR;LBY,W;RAO,R;RBM",U,,FP87987,07/10/2013,Turnover,ST5796,Wibdon Wharf,,,,,,,,,,,,,,
R,,Y,W,O,W,M,,N,,,,,,,,,,,,,,,,,,,,
R,,Y,W,O,Y,M,"LAR;LBY,W;RAO,Y;RBM",U,,FP87990,07/10/2013,Turnover,ST5796,Wibdon Wharf,,,,,,,,,,,,,,
R,,Y,W,R,B,M,"LAR;LBY,W;RAR,B;RBM",U,,FP87991,07/10/2013,Turnover,ST5796,Wibdon Wharf,,,,,,,,,,,,,,
R,,Y,W,R,G,M,,N,,,,,,,,,,,,,,,,,,,,
R,,Y,W,R,L,M,"LAR;LBY,W;RAR,L;RBM",U,,FP87989,07/10/2013,Turnover,ST5796,Wibdon Wharf,,,,,,,,,,,,,,
R,,Y,W,R,N,M,"LAR;LBY,W;RAR,N;RBM",U,,FP87993,07/10/2013,Turnover,ST5796,Wibdon Wharf,,,,,,,,,,,,,,
R,,Y,W,R,O,M,"LAR;LBY,W;RAR,O;RBM",U,,FP87994,07/10/2013,Turnover,ST5796,Wibdon Wharf,,,,,,,,,,,,,,
R,,Y,W,R,R,M,"LAR;LBY,W;RAR,R;RBM",U,,FP87995,07/10/2013,Turnover,ST5796,Wibdon Wharf,,,,,,,,,,,,,,
R,,Y,W,R,W,M,,N,,,,,,,,,,,,,,,,,,,,
R,,Y,W,R,Y,M,"LAR;LBY,W;RAR,Y;RBM",U,,FP87997,07/10/2013,Turnover,ST5796,Wibdon Wharf,,,,,,,,,,,,,,
R,,Y,W,W,B,M,"LAR;LBY,W;RAW,B;RBM",U,,FP87998,07/10/2013,Turnover,ST5796,Wibdon Wharf,,,,,,,,,,,,,,
R,,Y,W,W,G,M,,N,,,,,,,,,,,,,,,,,,,,
R,,Y,W,W,L,M,"LAR;LBY,W;RAW,L;RBM",U,,FP87992,07/10/2013,Turnover,ST5796,Wibdon Wharf,,,,,,,,,,,,,,
R,,Y,W,W,N,M,"LAR;LBY,W;RAW,N;RBM",U,,FP88000,07/10/2013,Turnover,ST5796,Wibdon Wharf,,,,,,,,,,,,,,
R,,Y,W,W,O,M,"LAR;LBY,W;RAW,O;RBM",U,,FH73001,07/10/2013,Turnover,ST5796,Wibdon Wharf,,,,,,,,,,,,,,
R,,Y,W,W,R,M,"LAR;LBY,W;RAW,R;RBM",U,,FH73002,07/10/2013,Turnover,ST5796,Wibdon Wharf,,,,,,,,,,,,,,
R,,Y,W,W,W,M,,N,,,,,,,,,,,,,,,,,,,,
R,,Y,W,W,Y,M,"LAR;LBY,W;RAW,Y;RBM",U,,FP87999,07/10/2013,Turnover,ST5796,Wibdon Wharf,,,,,,,,,,,,,,
R,,Y,W,Y,B,M,"LAR;LBY,W;RAY,B;RBM",U,,FH73003,07/10/2013,Turnover,ST5796,Wibdon Wharf,,,,,,,,,,,,,,
R,,Y,W,Y,G,M,,N,,,,,,,,,,,,,,,,,,,,
R,,Y,W,Y,L,M,"LAR;LBY,W;RAY,L;RBM",U,,FH73005,07/10/2013,Turnover,ST5796,Wibdon Wharf,,,,,,,,,,,,,,
R,,Y,W,Y,N,M,"LAR;LBY,W;RAY,N;RBM",U,,FH73006,07/10/2013,Turnover,ST5796,Wibdon Wharf,,,,,,,,,,,,,,
R,,Y,W,Y,O,M,"LAR;LBY,W;RAY,O;RBM",U,,FH73004,07/10/2013,Turnover,ST5796,Wibdon Wharf,,,,,,,,,,,,,,
R,,Y,W,Y,R,M,"LAR;LBY,W;RAY,R;RBM",U,,FH73008,07/10/2013,Turnover,ST5796,Wibdon Wharf,,,,,,,,,,,,,,
R,,Y,W,Y,W,M,,N,,,,,,,,,,,,,,,,,,,,
R,,Y,W,Y,Y,M,"LAR;LBY,W;RAY,Y;RBM",U,,FH73007,07/10/2013,Turnover,ST5796,Wibdon Wharf,,,,,,,,,,,,,,
W,,Y,W,B,B,M,,N,,,,,,,,,,,,,,,,,,,,
W,,Y,W,B,G,M,,D,,,,,,,,,,,,,,,,,,,,
W,,Y,W,B,L,M,,N,,,,,,,,,,,,,,,,,,,,
W,,Y,W,B,N,M,,D,,,,,,,,,,,,,,,,,,,,
W,,Y,W,B,O,M,"LAW;LBY,W;RAB,O;RBM",U,,FP01485,27/09/2011,Turnover,ST5796,Wibdon Wharf,,,,,,,,,,,,,,
W,,Y,W,B,R,M,"LAW;LBY,W;RAB,R;RBM",U,,FP01483,27/09/2011,Turnover,ST5796,Wibdon Wharf,,,,,,,,,,,,,,
W,,Y,W,B,W,M,"LAW;LBY,W;RAB,W;RBM",U,,FP01487,27/09/2011,Turnover,ST5796,Wibdon Wharf,,,,,,,,,,,,,,
W,,Y,W,B,Y,M,"LAW;LBY,W;RAB,Y;RBM",U,,FP01488,27/09/2011,Turnover,ST5796,Wibdon Wharf,,,,,,,,,,,,,,
W,,Y,W,G,B,M,,D,,,,,,,,,,,,,,,,,,,,
W,,Y,W,G,G,M,,N,,,,,,,,,,,,,,,,,,,,
W,,Y,W,G,L,M,,N,,,,,,,,,,,,,,,,,,,,
W,,Y,W,G,N,M,,D,,,,,,,,,,,,,,,,,,,,
W,,Y,W,G,O,M,,N,,,,,,,,,,,,,,,,,,,,
W,,Y,W,G,R,M,,N,,,,,,,,,,,,,,,,,,,,
W,,Y,W,G,W,M,,N,,,,,,,,,,,,,,,,,,,,
W,,Y,W,G,Y,M,,N,,,,,,,,,,,,,,,,,,,,
W,,Y,W,L,B,M,,N,,,,,,,,,,,,,,,,,,,,
W,,Y,W,L,G,M,,N,,,,,,,,,,,,,,,,,,,,
W,,Y,W,L,L,M,,N,,,,,,,,,,,,,,,,,,,,
W,,Y,W,L,N,M,,N,,,,,,,,,,,,,,,,,,,,
W,,Y,W,L,O,M,,N,,,,,,,,,,,,,,,,,,,,
W,,Y,W,L,R,M,,N,,,,,,,,,,,,,,,,,,,,
W,,Y,W,L,W,M,,D,,,,,,,,,,,,,,,,,,,,
W,,Y,W,L,Y,M,,N,,,,,,,,,,,,,,,,,,,,
W,,Y,W,N,B,M,,D,,,,,,,,,,,,,,,,,,,,
W,,Y,W,N,G,M,,D,,,,,,,,,,,,,,,,,,,,
W,,Y,W,N,L,M,,N,,,,,,,,,,,,,,,,,,,,
W,,Y,W,N,N,M,"LAW;LBY,W;RAN,N;RBM",U,,FP01490,27/09/2011,Turnover,ST5796,Wibdon Wharf,,,,,,,,,,,,,,
W,,Y,W,N,O,M,"LAW;LBY,W;RAN,O;RBM",U,,FP01489,27/09/2011,Turnover,ST5796,Wibdon Wharf,,,,,,,,,,,,,,
W,,Y,W,N,R,M,"LAW;LBY,W;RAN,R;RBM",U,,FP01486,27/09/2011,Turnover,ST5796,Wibdon Wharf,,,,,,,,,,,,,,
W,,Y,W,N,W,M,"LAW;LBY,W;RAN,W;RBM",U,,FP01491,27/09/2011,Turnover,ST5796,Wibdon Wharf,,,"Reringed and colour ringed on Nunnery reserve. Now B/OW, BB/m FJ42303",,,,,,,,,,,
W,,Y,W,N,Y,M,"LAW;LBY,W;RAN,Y;RBM",U,,FP01492,27/09/2011,Turnover,ST5796,Wibdon Wharf,,,,,,,,,,,,,,
W,,Y,W,O,B,M,"LAW;LBY,W;RAO,B;RBM",U,,FP01493,27/09/2011,Turnover,ST5796,Wibdon Wharf,,,,,,,,,,,,,,
W,,Y,W,O,G,M,,N,,,,,,,,,,,,,,,,,,,,
W,,Y,W,O,L,M,,N,,,,,,,,,,,,,,,,,,,,
W,,Y,W,O,N,M,,N,,,,,,,,,,,,,,,,,,,,
W,,Y,W,O,O,M,,N,,,,,,,,,,,,,,,,,,,,
W,,Y,W,O,R,M,,N,,,,,,,,,,,,,,,,,,,,
W,,Y,W,O,W,M,,N,,,,,,,,,,,,,,,,,,,,
W,,Y,W,O,Y,M,,N,,,,,,,,,,,,,,,,,,,,
W,,Y,W,R,B,M,,N,,,,,,,,,,,,,,,,,,,,
W,,Y,W,R,G,M,,N,,,,,,,,,,,,,,,,,,,,
W,,Y,W,R,L,M,,N,,,,,,,,,,,,,,,,,,,,
W,,Y,W,R,N,M,,N,,,,,,,,,,,,,,,,,,,,
W,,Y,W,R,O,M,,N,,,,,,,,,,,,,,,,,,,,
W,,Y,W,R,R,M,,N,,,,,,,,,,,,,,,,,,,,
W,,Y,W,R,W,M,"LAW;LBY,W;RAR,W;RBM",U,,FH73032,07/10/2013,Turnover,ST5796,Wibdon Wharf,,,,,,,,,,,,,,
W,,Y,W,R,Y,M,,N,,,,,,,,,,,,,,,,,,,,
W,,Y,W,W,B,M,,N,,,,,,,,,,,,,,,,,,,,
W,,Y,W,W,G,M,,N,,,,,,,,,,,,,,,,,,,,
W,,Y,W,W,L,M,,N,,,,,,,,,,,,,,,,,,,,
W,,Y,W,W,N,M,,N,,,,,,,,,,,,,,,,,,,,
W,,Y,W,W,O,M,,N,,,,,,,,,,,,,,,,,,,,
W,,Y,W,W,R,M,"LAW;LBY,W;RAW,R;RBM",U,,FH73026,07/10/2013,Turnover,ST5796,Wibdon Wharf,,,,,,,,,,,,,,
W,,Y,W,W,W,M,"LAW;LBY,W;RAW,W;RBM",U,,FH73031,07/10/2013,Turnover,ST5796,Wibdon Wharf,,,,,,,,,,,,,,
W,,Y,W,W,Y,M,,N,,,,,,,,,,,,,,,,,,,,
W,,Y,W,Y,B,M,,N,,,,,,,,,,,,,,,,,,,,
W,,Y,W,Y,G,M,,N,,,,,,,,,,,,,,,,,,,,
W,,Y,W,Y,L,M,,N,,,,,,,,,,,,,,,,,,,,
W,,Y,W,Y,N,M,,N,,,,,,,,,,,,,,,,,,,,
W,,Y,W,Y,O,M,,N,,,,,,,,,,,,,,,,,,,,
W,,Y,W,Y,R,M,,N,,,,,,,,,,,,,,,,,,,,
W,,Y,W,Y,W,M,,N,,,,,,,,,,,,,,,,,,,,
W,,Y,W,Y,Y,M,,N,,,,,,,,,,,,,,,,,,,,
Y,,Y,W,B,B,M,,N,,,,,,,,,,,,,,,,,,,,
Y,,Y,W,B,G,M,,D,,,,,,,,,,,,,,,,,,,,
Y,,Y,W,B,L,M,,N,,,,,,,,,,,,,,,,,,,,
Y,,Y,W,B,N,M,,D,,,,,,,,,,,,,,,,,,,,
Y,,Y,W,B,O,M,,N,,,,,,,,,,,,,,,,,,,,
Y,,Y,W,B,R,M,,N,,,,,,,,,,,,,,,,,,,,
Y,,Y,W,B,W,M,,N,,,,,,,,,,,,,,,,,,,,
Y,,Y,W,B,Y,M,,N,,,,,,,,,,,,,,,,,,,,
Y,,Y,W,G,B,M,,D,,,,,,,,,,,,,,,,,,,,
Y,,Y,W,G,G,M,"LAY;LBY,W;RAG,G;RBM",U,,FH73030,07/10/2013,Turnover,ST5796,Wibdon Wharf,,,,,,,,,,,,,,
Y,,Y,W,G,L,M,,N,,,,,,,,,,,,,,,,,,,,
Y,,Y,W,G,N,M,,D,,,,,,,,,,,,,,,,,,,,
Y,,Y,W,G,O,M,,N,,,,,,,,,,,,,,,,,,,,
Y,,Y,W,G,R,M,,N,,,,,,,,,,,,,,,,,,,,
Y,,Y,W,G,W,M,,N,,,,,,,,,,,,,,,,,,,,
Y,,Y,W,G,Y,M,,N,,,,,,,,,,,,,,,,,,,,
Y,,Y,W,L,B,M,,N,,,,,,,,,,,,,,,,,,,,
Y,,Y,W,L,G,M,,N,,,,,,,,,,,,,,,,,,,,
Y,,Y,W,L,L,M,,N,,,,,,,,,,,,,,,,,,,,
Y,,Y,W,L,N,M,,N,,,,,,,,,,,,,,,,,,,,
Y,,Y,W,L,O,M,,N,,,,,,,,,,,,,,,,,,,,
Y,,Y,W,L,R,M,,N,,,,,,,,,,,,,,,,,,,,
Y,,Y,W,L,W,M,,D,,,,,,,,,,,,,,,,,,,,
Y,,Y,W,L,Y,M,,N,,,,,,,,,,,,,,,,,,,,
Y,,Y,W,N,B,M,,D,,,,,,,,,,,,,,,,,,,,
Y,,Y,W,N,G,M,,D,,,,,,,,,,,,,,,,,,,,
Y,,Y,W,N,L,M,,N,,,,,,,,,,,,,,,,,,,,
Y,,Y,W,N,N,M,,N,,,,,,,,,,,,,,,,,,,,
Y,,Y,W,N,O,M,,N,,,,,,,,,,,,,,,,,,,,
Y,,Y,W,N,R,M,,N,,,,,,,,,,,,,,,,,,,,
Y,,Y,W,N,W,M,,N,,,,,,,,,,,,,,,,,,,,
Y,,Y,W,N,Y,M,,N,,,,,,,,,,,,,,,,,,,,
Y,,Y,W,O,B,M,,N,,,,,,,,,,,,,,,,,,,,
Y,,Y,W,O,G,M,,N,,,,,,,,,,,,,,,,,,,,
Y,,Y,W,O,L,M,,N,,,,,,,,,,,,,,,,,,,,
Y,,Y,W,O,N,M,,N,,,,,,,,,,,,,,,,,,,,
Y,,Y,W,O,O,M,,N,,,,,,,,,,,,,,,,,,,,
Y,,Y,W,O,R,M,,N,,,,,,,,,,,,,,,,,,,,
Y,,Y,W,O,W,M,,N,,,,,,,,,,,,,,,,,,,,
Y,,Y,W,O,Y,M,,N,,,,,,,,,,,,,,,,,,,,
Y,,Y,W,R,B,M,,N,,,,,,,,,,,,,,,,,,,,
Y,,Y,W,R,G,M,,N,,,,,,,,,,,,,,,,,,,,
Y,,Y,W,R,L,M,,N,,,,,,,,,,,,,,,,,,,,
Y,,Y,W,R,N,M,,N,,,,,,,,,,,,,,,,,,,,
Y,,Y,W,R,O,M,,N,,,,,,,,,,,,,,,,,,,,
Y,,Y,W,R,R,M,,N,,,,,,,,,,,,,,,,,,,,
Y,,Y,W,R,W,M,,N,,,,,,,,,,,,,,,,,,,,
Y,,Y,W,R,Y,M,,N,,,,,,,,,,,,,,,,,,,,
Y,,Y,W,W,B,M,"LAY;LBY,W;RAW,B;RBM",U,,FH73023,07/10/2013,Turnover,ST5796,Wibdon Wharf,,,,,,,,,,,,,,
Y,,Y,W,W,G,M,,N,,,,,,,,,,,,,,,,,,,,
Y,,Y,W,W,L,M,"LAY;LBY,W;RAW,L;RBM",U,,FH73025,07/10/2013,Turnover,ST5796,Wibdon Wharf,,,,,,,,,,,,,,
Y,,Y,W,W,N,M,,N,,,,,,,,,,,,,,,,,,,,
Y,,Y,W,W,O,M,,N,,,,,,,,,,,,,,,,,,,,
Y,,Y,W,W,R,M,"LAY;LBY,W;RAW,R;RBM",U,,FH73028,07/10/2013,Turnover,ST5796,Wibdon Wharf,,,,,,,,,,,,,,
Y,,Y,W,W,W,M,,N,,,,,,,,,,,,,,,,,,,,
Y,,Y,W,W,Y,M,,N,,,,,,,,,,,,,,,,,,,,
Y,,Y,W,Y,B,M,,N,,,,,,,,,,,,,,,,,,,,
Y,,Y,W,Y,G,M,,N,,,,,,,,,,,,,,,,,,,,
Y,,Y,W,Y,L,M,,N,,,,,,,,,,,,,,,,,,,,
Y,,Y,W,Y,N,M,,N,,,,,,,,,,,,,,,,,,,,
Y,,Y,W,Y,O,M,,N,,,,,,,,,,,,,,,,,,,,
Y,,Y,W,Y,R,M,,N,,,,,,,,,,,,,,,,,,,,
Y,,Y,W,Y,W,M,,N,,,,,,,,,,,,,,,,,,,,
Y,,Y,W,Y,Y,M,,N,,,,,,,,,,,,,,,,,,,,
B,,O,W,B,B,M,"LAB;LBO,W;RAB,B;RBM",U,,FJ42303,08/03/2019,BTO132 - Brecks PhD,,Nunnery Reserve,6,Pathtrack GPS - added 7/6/19 Euston estate,FP01491 - CR replaced from BTO turnover project. Previous WYWNW (line ,,,,,,,,,,,
B,,O,W,B,G,M,"LAB;LBO,W;RAB,B;RBM",D,,,,,,,,,,,,,,,,,,,,
B,,O,W,B,L,M,,A - BRECKS,1,,,,,,,,,,,,,,,,,,,
B,,O,W,B,N,M,"LAB;LBO,W;RAB,B;RBM",D,,,,,,,,,,,,,,,,,,,,
B,,O,W,B,O,M,"LAB;LBO,W;RAB,O;RBM",U,,FJ42301,08/03/2019,BTO132 - Brecks PhD,,Nunnery Reserve,6,,,,,,,,,,,,,
B,,O,W,B,R,M,"LAB;LBO,W;RAB,R;RBM",U,,FJ42302,08/03/2019,BTO132 - Brecks PhD,,Nunnery Reserve,6,,,,,,,,,,,,,
B,,O,W,B,W,M,"LAB;LBO,W;RAB,W;RBM",U,,FJ42304,08/03/2019,BTO132 - Brecks PhD,,Nunnery Reserve,6,,,,,,,,,,,,,
B,,O,W,B,Y,M,"LAB;LBO,W;RAB,Y;RBM",U,,FJ42305,08/03/2019,BTO132 - Brecks PhD,,Nunnery Reserve,6,,,,,,,,,,,,,
B,,O,W,G,B,M,"LAB;LBO,W;RAG,B;RBM",D,,,,,,,,,,,,,,,,,,,,
B,,O,W,G,G,M,"LAB;LBO,W;RAG,G;RBM",U,,FJ42306,08/03/2019,BTO132 - Brecks PhD,,Nunnery Reserve,6,,,,,,,,,,,,,
B,,O,W,G,L,M,,A - BRECKS,1,,,,,,,,,,,,,,,,,,,
B,,O,W,G,N,M,"LAB;LBO,W;RAG,N;RBM",D,,,,,,,,,,,,,,,,,,,,
B,,O,W,G,O,M,"LAB;LBO,W;RAG,O;RBM",U,,FJ42310,14/05/2019,BTO132 - Brecks PhD,,RAF Honington,4,Pathtrack GPS,,,,,,,,,,,,
B,,O,W,G,R,M,"LAB;LBO,W;RAG,R;RBM",U,,FJ42311,14/05/2019,BTO132 - Brecks PhD,,RAF Honington,4,Pathtrack GPS,,,,,,,,,,,,
B,,O,W,G,W,M,"LAB;LBO,W;RAG,W;RBM",U,,FJ42318,28/05/2019,BTO132 - Brecks PhD,,RAF Honington,P,,,,,,,,,,,,,
B,,O,W,G,Y,M,"LAB;LBO,W;RAG,Y;RBM",U,,FJ42319,28/05/2019,BTO132 - Brecks PhD,,RAF Honington,P,,,,,,,,,,,,,
B,,O,W,L,B,M,,A - BRECKS,1,,,,,,,,,,,,,,,,,,,
B,,O,W,L,G,M,,A - BRECKS,1,,,,,,,,,,,,,,,,,,,
B,,O,W,L,L,M,,A - BRECKS,1,,,,,,,,,,,,,,,,,,,
B,,O,W,L,N,M,,A - BRECKS,1,,,,,,,,,,,,,,,,,,,
B,,O,W,L,O,M,,A - BRECKS,1,,,,,,,,,,,,,,,,,,,
B,,O,W,L,R,M,,A - BRECKS,1,,,,,,,,,,,,,,,,,,,
B,,O,W,L,W,M,,D,,,,,,,,,,,,,,,,,,,,
B,,O,W,L,Y,M,,A - BRECKS,1,,,,,,,,,,,,,,,,,,,
B,,O,W,N,B,M,"LAB;LBO,W;RAN,B;RBM",D,,,,,,,,,,,,,,,,,,,,
B,,O,W,N,G,M,"LAB;LBO,W;RAN,G;RBM",D,,,,,,,,,,,,,,,,,,,,
B,,O,W,N,L,M,,A - BRECKS,1,,,,,,,,,,,,,,,,,,,
B,,O,W,N,N,M,"LAB;LBO,W;RAN,N;RBM",U,,FJ60104,20/06/2020,BTO132 - Brecks PhD,,RAF Honington,P,,,,,,,,,,,,,
B,,O,W,N,O,M,"LAB;LBO,W;RAN,O;RBM",U,,FJ42343,17/06/2019,BTO132 - Brecks PhD,,King's Forest,P,,,,,,,,,,,,,
B,,O,W,N,R,M,"LAB;LBO,W;RAN,R;RBM",U,,FJ60107,21/06/2020,BTO132 - Brecks PhD,,Euston Estate,,,,,,,,,,,,,,
B,,O,W,N,W,M,"LAB;LBO,W;RAN,W;RBM",U,,FJ42344,23/06/2019,BTO132 - Brecks PhD,,RAF Honington,4,Pathtrack GPS,,,,,,,,,,,,
B,,O,W,N,Y,M,"LAB;LBO,W;RAN,Y;RBM",U,,FJ42324,28/06/2019,BTO132 - Brecks PhD,,RAF Honington,P,,,,,,,,,,,,,
B,,O,W,O,B,M,"LAB;LBO,W;RAO,B;RBM",U,,FJ42327,28/06/2019,BTO132 - Brecks PhD,,RAF Honington,P,,,,,,,,,,,,,
B,,O,W,O,G,M,"LAB;LBO,W;RAO,G;RBM",U,,FJ42334,07/06/2019,BTO132 - Brecks PhD,,Cockley Cley Estate,4,Pathtrack GPS,,,,,,,,,,,,
B,,O,W,O,L,M,,A - BRECKS,1,,,,,,,,,,,,,,,,,,,
B,,O,W,O,N,M,"LAB;LBO,W;RAO,N;RBM",U,,FJ42321,30/06/2019,BTO132 - Brecks PhD,,RAF Honington,P,,,,,,,,,,,,,
B,,O,W,O,O,M,"LAB;LBO,W;RAO,O;RBM",U,,FJ42322,30/06/2019,BTO132 - Brecks PhD,,RAF Honington,P,,,,,,,,,,,,,
B,,O,W,O,R,M,"LAB;LBO,W;RAO,R;RBM",U,,FJ42347,30/06/2019,BTO132 - Brecks PhD,,RAF Honington,P,,,,,,,,,,,,,
B,,O,W,O,W,M,"LAB;LBO,W;RAO,W;RBM",U,,FJ60106,21/06/2020,BTO132 - Brecks PhD,,Euston Estate,P,,,,,,,,,,,,,
B,,O,W,O,Y,M,"LAB;LBO,W;RAO,Y;RBM",A - BRECKS,1,,,,,,,,,,,,,,,,,,,
B,,O,W,R,B,M,"LAB;LBO,W;RAR,B;RBM",U,,FJ60108,21/03/2021,BTO132 - Brecks PhD,,RAF Honington,6,,,,,,,,,,,,,
B,,O,W,R,G,M,"LAB;LBO,W;RAR,G;RBM",U,,FJ60123,25/06/2021,BTO132 - Brecks PhD,,Stanta,P,,,,,,,,,,,,,
B,,O,W,R,L,M,,A - BRECKS,1,,,,,,,,,,,,,,,,,,,
B,,O,W,R,N,M,"LAB;LBO,W;RAR,N;RBM",U,,FJ60124,25/06/2021,BTO132 - Brecks PhD,,Stanta,P,,,,,,,,,,,,,
B,,O,W,R,O,M,"LAB;LBO,W;RAR,O;RBM",A - BRECKS,1,,,,,,,,,,,,,,,,,,,
B,,O,W,R,R,M,"LAB;LBO,W;RAR,R;RBM",A - BRECKS,1,,,,,,,,,,,,,,,,,,,
B,,O,W,R,W,M,"LAB;LBO,W;RAR,W;RBM",A - BRECKS,1,,,,,,,,,,,,,,,,,,,
B,,O,W,R,Y,M,"LAB;LBO,W;RAR,Y;RBM",A - BRECKS,1,,,,,,,,,,,,,,,,,,,
B,,O,W,W,B,M,"LAB;LBO,W;RAW,B;RBM",U,,FJ60117,30/06/2021,BTO132 - Brecks PhD,,Cockley Cley,P,,,,,,,,,,,,,
B,,O,W,W,G,M,"LAB;LBO,W;RAW,G;RBM",U,,FJ60109,21/03/2021,BTO132 - Brecks PhD,,RAF Honington,6,,,,,,,,,,,,,
B,,O,W,W,L,M,,A - BRECKS,1,,,,,,,,,,,,,,,,,,,
B,,O,W,W,N,M,"LAB;LBO,W;RAW,N;RBM",U,,FJ60127,06/07/2021,BTO132 - Brecks PhD,,Stanta,P,,,,,,,,,,,,,
B,,O,W,W,O,M,"LAB;LBO,W;RAW,O;RBM",U,,FJ60110,29/03/2021,BTO132 - Brecks PhD,,RAF Honington,6,,,,,,,,,,,,,
B,,O,W,W,R,M,"LAB;LBO,W;RAW,R;RBM",A - BRECKS,1,,,,,,,,,,,,,,,,,,,
B,,O,W,W,W,M,"LAB;LBO,W;RAW,W;RBM",U,,FJ60125,27/06/2021,BTO132 - Brecks PhD,,RAF Honington,P,,,,,,,,,,,,,
B,,O,W,W,Y,M,"LAB;LBO,W;RAW,Y;RBM",U,,FJ60126,04/07/2021,BTO132 - Brecks PhD,,Stanta,P,,,,,,,,,,,,,
B,,O,W,Y,B,M,"LAB;LBO,W;RAY,B;RBM",U,,FJ60111,03/04/2021,BTO132 - Brecks PhD,,RAF Honington,6,,,,,,,,,,,,,
B,,O,W,Y,G,M,"LAB;LBO,W;RAY,G;RBM",U,,FJ60113,30/05/2021,BTO132 - Brecks PhD,,Euston Estate,P,,,,,,,,,,,,,
B,,O,W,Y,L,M,,A - BRECKS,1,,,,,,,,,,,,,,,,,,,
B,,O,W,Y,N,M,"LAB;LBO,W;RAY,N;RBM",A - BRECKS,1,,,,,,,,,,,,,,,,,,,
B,,O,W,Y,O,M,"LAB;LBO,W;RAY,O;RBM",A - BRECKS,1,,,,,,,,,,,,,,,,,,,
B,,O,W,Y,R,M,"LAB;LBO,W;RAY,R;RBM",U,,FJ60112,28/05/2021,BTO132 - Brecks PhD,,Stanta,6,Ornitela 210996,,,,,,,,,,,,
B,,O,W,Y,W,M,"LAB;LBO,W;RAY,W;RBM",U,,FJ60128,06/07/2021,BTO132 - Brecks PhD,,RAF Honington,P,,,,,,,,,,,,,
B,,O,W,Y,Y,M,"LAB;LBO,W;RAY,Y;RBM",A - BRECKS,1,,,,,,,,,,,,,,,,,,,
G,,O,W,B,B,M,"LAG;LBO,W;RAB,B;RBM",A - BRECKS,2,,,,,,,,,,,,,,,,,,,
G,,O,W,B,G,M,"LAG;LBO,W;RAB,B;RBM",D,,,,,,,,,,,,,,,,,,,,
G,,O,W,B,L,M,,A - BRECKS,2,,,,,,,,,,,,,,,,,,,
G,,O,W,B,N,M,"LAG;LBO,W;RAB,B;RBM",D,,,,,,,,,,,,,,,,,,,,
G,,O,W,B,O,M,"LAG;LBO,W;RAB,O;RBM",A - BRECKS,2,,,,,,,,,,,,,,,,,,,
G,,O,W,B,R,M,"LAG;LBO,W;RAB,R;RBM",A - BRECKS,2,,,,,,,,,,,,,,,,,,,
G,,O,W,B,W,M,"LAG;LBO,W;RAB,W;RBM",A - BRECKS,2,,,,,,,,,,,,,,,,,,,
G,,O,W,B,Y,M,"LAG;LBO,W;RAB,Y;RBM",A - BRECKS,2,,,,,,,,,,,,,,,,,,,
G,,O,W,G,B,M,"LAG;LBO,W;RAG,B;RBM",D,,,,,,,,,,,,,,,,,,,,
G,,O,W,G,G,M,"LAG;LBO,W;RAG,G;RBM",A - BRECKS,2,,,,,,,,,,,,,,,,,,,
G,,O,W,G,L,M,,A - BRECKS,2,,,,,,,,,,,,,,,,,,,
G,,O,W,G,N,M,"LAG;LBO,W;RAG,N;RBM",D,,,,,,,,,,,,,,,,,,,,
G,,O,W,G,O,M,"LAG;LBO,W;RAG,O;RBM",A - BRECKS,2,,,,,,,,,,,,,,,,,,,
G,,O,W,G,R,M,"LAG;LBO,W;RAG,R;RBM",A - BRECKS,2,,,,,,,,,,,,,,,,,,,
G,,O,W,G,W,M,"LAG;LBO,W;RAG,W;RBM",A - BRECKS,2,,,,,,,,,,,,,,,,,,,
G,,O,W,G,Y,M,"LAG;LBO,W;RAG,Y;RBM",A - BRECKS,2,,,,,,,,,,,,,,,,,,,
G,,O,W,L,B,M,,A - BRECKS,,,,,,,,,,,,,,,,,,,,
G,,O,W,L,G,M,,A - BRECKS,,,,,,,,,,,,,,,,,,,,
G,,O,W,L,L,M,,A - BRECKS,,,,,,,,,,,,,,,,,,,,
G,,O,W,L,N,M,,A - BRECKS,,,,,,,,,,,,,,,,,,,,
G,,O,W,L,O,M,,A - BRECKS,,,,,,,,,,,,,,,,,,,,
G,,O,W,L,R,M,,A - BRECKS,,,,,,,,,,,,,,,,,,,,
G,,O,W,L,W,M,,D,,,,,,,,,,,,,,,,,,,,
G,,O,W,L,Y,M,,A - BRECKS,,,,,,,,,,,,,,,,,,,,
G,,O,W,N,B,M,"LAG;LBO,W;RAN,B;RBM",D,,,,,,,,,,,,,,,,,,,,
G,,O,W,N,G,M,"LAG;LBO,W;RAN,G;RBM",D,,,,,,,,,,,,,,,,,,,,
G,,O,W,N,L,M,,A - BRECKS,,,,,,,,,,,,,,,,,,,,
G,,O,W,N,N,M,"LAG;LBO,W;RAN,N;RBM",A - BRECKS,,,,,,,,,,,,,,,,,,,,
G,,O,W,N,O,M,"LAG;LBO,W;RAN,O;RBM",A - BRECKS,,,,,,,,,,,,,,,,,,,,
G,,O,W,N,R,M,"LAG;LBO,W;RAN,R;RBM",A - BRECKS,,,,,,,,,,,,,,,,,,,,
G,,O,W,N,W,M,"LAG;LBO,W;RAN,W;RBM",A - BRECKS,,,,,,,,,,,,,,,,,,,,
G,,O,W,N,Y,M,"LAG;LBO,W;RAN,Y;RBM",A - BRECKS,,,,,,,,,,,,,,,,,,,,
G,,O,W,O,B,M,"LAG;LBO,W;RAO,B;RBM",A - BRECKS,,,,,,,,,,,,,,,,,,,,
G,,O,W,O,G,M,"LAG;LBO,W;RAO,G;RBM",A - BRECKS,,,,,,,,,,,,,,,,,,,,
G,,O,W,O,L,M,,A - BRECKS,,,,,,,,,,,,,,,,,,,,
G,,O,W,O,N,M,"LAG;LBO,W;RAO,N;RBM",A - BRECKS,,,,,,,,,,,,,,,,,,,,
G,,O,W,O,O,M,"LAG;LBO,W;RAO,O;RBM",A - BRECKS,,,,,,,,,,,,,,,,,,,,
G,,O,W,O,R,M,"LAG;LBO,W;RAO,R;RBM",A - BRECKS,,,,,,,,,,,,,,,,,,,,
G,,O,W,O,W,M,"LAG;LBO,W;RAO,W;RBM",A - BRECKS,,,,,,,,,,,,,,,,,,,,
G,,O,W,O,Y,M,"LAG;LBO,W;RAO,Y;RBM",A - BRECKS,,,,,,,,,,,,,,,,,,,,
G,,O,W,R,B,M,"LAG;LBO,W;RAR,B;RBM",A - BRECKS,,,,,,,,,,,,,,,,,,,,
G,,O,W,R,G,M,"LAG;LBO,W;RAR,G;RBM",A - BRECKS,,,,,,,,,,,,,,,,,,,,
G,,O,W,R,L,M,,A - BRECKS,,,,,,,,,,,,,,,,,,,,
G,,O,W,R,N,M,"LAG;LBO,W;RAR,N;RBM",A - BRECKS,,,,,,,,,,,,,,,,,,,,
G,,O,W,R,O,M,"LAG;LBO,W;RAR,O;RBM",A - BRECKS,,,,,,,,,,,,,,,,,,,,
G,,O,W,R,R,M,"LAG;LBO,W;RAR,R;RBM",A - BRECKS,,,,,,,,,,,,,,,,,,,,
G,,O,W,R,W,M,"LAG;LBO,W;RAR,W;RBM",A - BRECKS,,,,,,,,,,,,,,,,,,,,
G,,O,W,R,Y,M,"LAG;LBO,W;RAR,Y;RBM",A - BRECKS,,,,,,,,,,,,,,,,,,,,
G,,O,W,W,B,M,"LAG;LBO,W;RAW,B;RBM",A - BRECKS,,,,,,,,,,,,,,,,,,,,
G,,O,W,W,G,M,"LAG;LBO,W;RAW,G;RBM",A - BRECKS,,,,,,,,,,,,,,,,,,,,
G,,O,W,W,L,M,,A - BRECKS,,,,,,,,,,,,,,,,,,,,
G,,O,W,W,N,M,"LAG;LBO,W;RAW,N;RBM",A - BRECKS,,,,,,,,,,,,,,,,,,,,
G,,O,W,W,O,M,"LAG;LBO,W;RAW,O;RBM",A - BRECKS,,,,,,,,,,,,,,,,,,,,
G,,O,W,W,R,M,"LAG;LBO,W;RAW,R;RBM",A - BRECKS,,,,,,,,,,,,,,,,,,,,
G,,O,W,W,W,M,"LAG;LBO,W;RAW,W;RBM",A - BRECKS,,,,,,,,,,,,,,,,,,,,
G,,O,W,W,Y,M,"LAG;LBO,W;RAW,Y;RBM",A - BRECKS,,,,,,,,,,,,,,,,,,,,
G,,O,W,Y,B,M,"LAG;LBO,W;RAY,B;RBM",A - BRECKS,,,,,,,,,,,,,,,,,,,,
G,,O,W,Y,G,M,"LAG;LBO,W;RAY,G;RBM",A - BRECKS,,,,,,,,,,,,,,,,,,,,
G,,O,W,Y,L,M,,A - BRECKS,,,,,,,,,,,,,,,,,,,,
G,,O,W,Y,N,M,"LAG;LBO,W;RAY,N;RBM",A - BRECKS,,,,,,,,,,,,,,,,,,,,
G,,O,W,Y,O,M,"LAG;LBO,W;RAY,O;RBM",A - BRECKS,,,,,,,,,,,,,,,,,,,,
G,,O,W,Y,R,M,"LAG;LBO,W;RAY,R;RBM",A - BRECKS,,,,,,,,,,,,,,,,,,,,
G,,O,W,Y,W,M,"LAG;LBO,W;RAY,W;RBM",A - BRECKS,,,,,,,,,,,,,,,,,,,,
G,,O,W,Y,Y,M,"LAG;LBO,W;RAY,Y;RBM",A - BRECKS,,,,,,,,,,,,,,,,,,,,
L,,O,W,B,B,M,,N,,,,,,,,,,,,,,,,,,,,
L,,O,W,B,G,M,,N,,,,,,,,,,,,,,,,,,,,
L,,O,W,B,L,M,,N,,,,,,,,,,,,,,,,,,,,
L,,O,W,B,N,M,,N,,,,,,,,,,,,,,,,,,,,
L,,O,W,B,O,M,,N,,,,,,,,,,,,,,,,,,,,
L,,O,W,B,R,M,,N,,,,,,,,,,,,,,,,,,,,
L,,O,W,B,W,M,,N,,,,,,,,,,,,,,,,,,,,
L,,O,W,B,Y,M,,N,,,,,,,,,,,,,,,,,,,,
L,,O,W,G,B,M,,N,,,,,,,,,,,,,,,,,,,,
L,,O,W,G,G,M,,N,,,,,,,,,,,,,,,,,,,,
L,,O,W,G,L,M,,N,,,,,,,,,,,,,,,,,,,,
L,,O,W,G,N,M,,N,,,,,,,,,,,,,,,,,,,,
L,,O,W,G,O,M,,N,,,,,,,,,,,,,,,,,,,,
L,,O,W,G,R,M,,N,,,,,,,,,,,,,,,,,,,,
L,,O,W,G,W,M,,N,,,,,,,,,,,,,,,,,,,,
L,,O,W,G,Y,M,,N,,,,,,,,,,,,,,,,,,,,
L,,O,W,L,B,M,,N,,,,,,,,,,,,,,,,,,,,
L,,O,W,L,G,M,,N,,,,,,,,,,,,,,,,,,,,
L,,O,W,L,L,M,,N,,,,,,,,,,,,,,,,,,,,
L,,O,W,L,N,M,,N,,,,,,,,,,,,,,,,,,,,
L,,O,W,L,O,M,,N,,,,,,,,,,,,,,,,,,,,
L,,O,W,L,R,M,,N,,,,,,,,,,,,,,,,,,,,
L,,O,W,L,W,M,,N,,,,,,,,,,,,,,,,,,,,
L,,O,W,L,Y,M,,N,,,,,,,,,,,,,,,,,,,,
L,,O,W,N,B,M,,N,,,,,,,,,,,,,,,,,,,,
L,,O,W,N,G,M,,N,,,,,,,,,,,,,,,,,,,,
L,,O,W,N,L,M,,N,,,,,,,,,,,,,,,,,,,,
L,,O,W,N,N,M,,N,,,,,,,,,,,,,,,,,,,,
L,,O,W,N,O,M,,N,,,,,,,,,,,,,,,,,,,,
L,,O,W,N,R,M,,N,,,,,,,,,,,,,,,,,,,,
L,,O,W,N,W,M,,N,,,,,,,,,,,,,,,,,,,,
L,,O,W,N,Y,M,,N,,,,,,,,,,,,,,,,,,,,
L,,O,W,O,B,M,,N,,,,,,,,,,,,,,,,,,,,
L,,O,W,O,G,M,,N,,,,,,,,,,,,,,,,,,,,
L,,O,W,O,L,M,,N,,,,,,,,,,,,,,,,,,,,
L,,O,W,O,N,M,,N,,,,,,,,,,,,,,,,,,,,
L,,O,W,O,O,M,,N,,,,,,,,,,,,,,,,,,,,
L,,O,W,O,R,M,,N,,,,,,,,,,,,,,,,,,,,
L,,O,W,O,W,M,,N,,,,,,,,,,,,,,,,,,,,
L,,O,W,O,Y,M,,N,,,,,,,,,,,,,,,,,,,,
L,,O,W,R,B,M,,N,,,,,,,,,,,,,,,,,,,,
L,,O,W,R,G,M,,N,,,,,,,,,,,,,,,,,,,,
L,,O,W,R,L,M,,N,,,,,,,,,,,,,,,,,,,,
L,,O,W,R,N,M,,N,,,,,,,,,,,,,,,,,,,,
L,,O,W,R,O,M,,N,,,,,,,,,,,,,,,,,,,,
L,,O,W,R,R,M,,N,,,,,,,,,,,,,,,,,,,,
L,,O,W,R,W,M,,N,,,,,,,,,,,,,,,,,,,,
L,,O,W,R,Y,M,,N,,,,,,,,,,,,,,,,,,,,
L,,O,W,W,B,M,,N,,,,,,,,,,,,,,,,,,,,
L,,O,W,W,G,M,,N,,,,,,,,,,,,,,,,,,,,
L,,O,W,W,L,M,,N,,,,,,,,,,,,,,,,,,,,
L,,O,W,W,N,M,,N,,,,,,,,,,,,,,,,,,,,
L,,O,W,W,O,M,,N,,,,,,,,,,,,,,,,,,,,
L,,O,W,W,R,M,,N,,,,,,,,,,,,,,,,,,,,
L,,O,W,W,W,M,,N,,,,,,,,,,,,,,,,,,,,
L,,O,W,W,Y,M,,N,,,,,,,,,,,,,,,,,,,,
L,,O,W,Y,B,M,,N,,,,,,,,,,,,,,,,,,,,
L,,O,W,Y,G,M,,N,,,,,,,,,,,,,,,,,,,,
L,,O,W,Y,L,M,,N,,,,,,,,,,,,,,,,,,,,
L,,O,W,Y,N,M,,N,,,,,,,,,,,,,,,,,,,,
L,,O,W,Y,O,M,,N,,,,,,,,,,,,,,,,,,,,
L,,O,W,Y,R,M,,N,,,,,,,,,,,,,,,,,,,,
L,,O,W,Y,W,M,,N,,,,,,,,,,,,,,,,,,,,
L,,O,W,Y,Y,M,,N,,,,,,,,,,,,,,,,,,,,
N,,O,W,B,B,M,"LAN;LBO,W;RAB,B;RBM",U,,FA95827,15/12/2015,TLP10,ST3183,Lighthouse Beach,4,,,,,,,,,,,,,
N,,O,W,B,G,M,"LAN;LBO,W;RAB,B;RBM",D,,,,,,,,,,,,,,,,,,,,
N,,O,W,B,L,M,,N,,,,,,,,,,,,,,,,,,,,
N,,O,W,B,N,M,"LAN;LBO,W;RAB,B;RBM",D,,,,,,,,,,,,,,,,,,,,
N,,O,W,B,O,M,"LAN;LBO,W;RAB,O;RBM",U,,FA95825,15/12/2015,TLP10,ST3183,Lighthouse Beach,4,,,,,,,,,,,,,
N,,O,W,B,R,M,"LAN;LBO,W;RAB,R;RBM",U,,FA95828,15/12/2015,TLP10,ST3183,Lighthouse Beach,4,,,,,,,,,,,,,
N,,O,W,B,W,M,"LAN;LBO,W;RAB,W;RBM",U,,FA95826,15/12/2015,TLP10,ST3183,Lighthouse Beach,4,,,,,,,,,,,,,
N,,O,W,B,Y,M,"LAN;LBO,W;RAB,Y;RBM",N,,,,,,,,,,,,,,,,,,,,
N,,O,W,G,B,M,"LAN;LBO,W;RAG,B;RBM",D,,,,,,,,,,,,,,,,,,,,
N,,O,W,G,G,M,"LAN;LBO,W;RAG,G;RBM",U,,FA95817,15/12/2015,TLP10,ST3183,Lighthouse Beach,4,,,,,,,,,,,,,
N,,O,W,G,L,M,,N,,,,,,,,,,,,,,,,,,,,
N,,O,W,G,N,M,"LAN;LBO,W;RAG,N;RBM",D,,,,,,,,,,,,,,,,,,,,
N,,O,W,G,O,M,"LAN;LBO,W;RAG,O;RBM",U,,FA95808,15/12/2015,TLP10,ST3183,Lighthouse Beach,4,,,,,,,,,,,,,
N,,O,W,G,R,M,"LAN;LBO,W;RAG,R;RBM",U,,FA95815,15/12/2015,TLP10,ST3183,Lighthouse Beach,4,GPS tag 13155,,,,,,,,,,,,
N,,O,W,G,W,M,"LAN;LBO,W;RAG,W;RBM",U,,FA95818,15/12/2015,TLP10,ST3183,Lighthouse Beach,4,GPS tag 13193,,,,,,,,,,,,
N,,O,W,G,Y,M,"LAN;LBO,W;RAG,Y;RBM",N,,,,,,,,,,,,,,,,,,,,
N,,O,W,L,B,M,,N,,,,,,,,,,,,,,,,,,,,
N,,O,W,L,G,M,,N,,,,,,,,,,,,,,,,,,,,
N,,O,W,L,L,M,,N,,,,,,,,,,,,,,,,,,,,
N,,O,W,L,N,M,,N,,,,,,,,,,,,,,,,,,,,
N,,O,W,L,O,M,,N,,,,,,,,,,,,,,,,,,,,
N,,O,W,L,R,M,,N,,,,,,,,,,,,,,,,,,,,
N,,O,W,L,W,M,,D,,,,,,,,,,,,,,,,,,,,
N,,O,W,L,Y,M,,N,,,,,,,,,,,,,,,,,,,,
N,,O,W,N,B,M,"LAN;LBO,W;RAN,B;RBM",D,,,,,,,,,,,,,,,,,,,,
N,,O,W,N,G,M,"LAN;LBO,W;RAN,G;RBM",D,,,,,,,,,,,,,,,,,,,,
N,,O,W,N,L,M,,N,,,,,,,,,,,,,,,,,,,,
N,,O,W,N,N,M,"LAN;LBO,W;RAN,N;RBM",U,,FA95806,14/12/2015,TLP10,ST3182,Lighthouse Saltmarsh,4,GPS tag 13159,,,,,,,,,,,,
N,,O,W,N,O,M,"LAN;LBO,W;RAN,O;RBM",U,,FA95838,14/01/2016,TLP10,ST2478,Newton Farm Curlew Area,6,GPS tag 13711,,,,,,,,,,,,
N,,O,W,N,R,M,"LAN;LBO,W;RAN,R;RBM",U,,FA95823,15/12/2015,TLP10,ST3183,Lighthouse Beach,4,GPS tag 13144,,,,,,,,,,,,
N,,O,W,N,W,M,"LAN;LBO,W;RAN,W;RBM",U,,FA95812,15/12/2015,TLP10,ST3183,Lighthouse Beach,4,GPS tag 12964,,,,,,,,,,,,
N,,O,W,N,Y,M,"LAN;LBO,W;RAN,Y;RBM",N,,,,,,,,,,,,,,,,,,,,
N,,O,W,O,B,M,"LAN;LBO,W;RAO,B;RBM",U,,FA95814,15/12/2015,TLP10,ST3183,Lighthouse Beach,4,GPS tag 13186,,,,,,,,,,,,
N,,O,W,O,G,M,"LAN;LBO,W;RAO,G;RBM",U,,FA95811,15/12/2015,TLP10,ST3183,Lighthouse Beach,4,,,,,,,,,,,,,
N,,O,W,O,L,M,,N,,,,,,,,,,,,,,,,,,,,
N,,O,W,O,N,M,"LAN;LBO,W;RAO,N;RBM",U,,FA95816,15/12/2015,TLP10,ST3183,Lighthouse Beach,4,GPS tag 13205,,,,,,,,,,,,
N,,O,W,O,O,M,"LAN;LBO,W;RAO,O;RBM",U,,FA95804,14/12/2015,TLP10,ST3182,Lighthouse Saltmarsh,4,GPS tag 13153,,,,,,,,,,,,
N,,O,W,O,R,M,"LAN;LBO,W;RAO,R;RBM",U,,FA95819,15/12/2015,TLP10,ST3183,Lighthouse Beach,4,GPS tag 12942,,,,,,,,,,,,
N,,O,W,O,W,M,"LAN;LBO,W;RAO,W;RBM",U,,FA95809,15/12/2015,TLP10,ST3183,Lighthouse Beach,4,,,,,,,,,,,,,
N,,O,W,O,Y,M,"LAN;LBO,W;RAO,Y;RBM",N,,,,,,,,,,,,,,,,,,,,
N,,O,W,R,B,M,"LAN;LBO,W;RAR,B;RBM",U,,FA95821,15/12/2015,TLP10,ST3183,Lighthouse Beach,4,GPS tag 13168,,,,,,,,,,,,
N,,O,W,R,G,M,"LAN;LBO,W;RAR,G;RBM",U,,FA95813,15/12/2015,TLP10,ST3183,Lighthouse Beach,4,GPS tag 13494,,,,,,,,,,,,
N,,O,W,R,L,M,,N,,,,,,,,,,,,,,,,,,,,
N,,O,W,R,N,M,"LAN;LBO,W;RAR,N;RBM",U,,FA95820,15/12/2015,TLP10,ST3183,Lighthouse Beach,4,GPS tag 13175,,,,,,,,,,,,
N,,O,W,R,O,M,"LAN;LBO,W;RAR,O;RBM",U,,FA95829,15/12/2015,TLP10,ST3183,Lighthouse Beach,4,,,,,,,,,,,,,
N,,O,W,R,R,M,"LAN;LBO,W;RAR,R;RBM",U,,FA95837,14/01/2016,TLP10,ST2478,Newton Farm Curlew Area,6,GPS tag 13723,,,,,,,,,,,,
N,,O,W,R,W,M,"LAN;LBO,W;RAR,W;RBM",U,,FA95810,15/12/2015,TLP10,ST3183,Lighthouse Beach,4,,,,,,,,,,,,,
N,,O,W,R,Y,M,"LAN;LBO,W;RAR,Y;RBM",N,,,,,,,,,,,,,,,,,,,,
N,,O,W,W,B,M,"LAN;LBO,W;RAW,B;RBM",U,,FA95839,14/01/2016,TLP10,ST2478,Newton Farm Curlew Area,6,GPS tag 13726,,,,,,,,,,,,
N,,O,W,W,G,M,"LAN;LBO,W;RAW,G;RBM",U,,FA95822,15/12/2015,TLP10,ST3183,Lighthouse Beach,4,GPS tag 13445,,,,,,,,,,,,
N,,O,W,W,L,M,,N,,,,,,,,,,,,,,,,,,,,
N,,O,W,W,N,M,"LAN;LBO,W;RAW,N;RBM",U,,FA95824,15/12/2015,TLP10,ST3183,Lighthouse Beach,4,,,,,,,,,,,,,
N,,O,W,W,O,M,"LAN;LBO,W;RAW,O;RBM",U,,FA95802,14/12/2015,TLP10,ST3182,Lighthouse Saltmarsh,4,GPS tag 13120,,,,,,,,,,,,
N,,O,W,W,R,M,"LAN;LBO,W;RAW,R;RBM",U,,FA95807,14/12/2015,TLP10,ST3182,Lighthouse Saltmarsh,4,GPS tag 12926,,,,,,,,,,,,
N,,O,W,W,W,M,"LAN;LBO,W;RAW,W;RBM",U,,FA95836,14/01/2016,TLP10,ST2478,Newton Farm Curlew Area,6,GPS tag 13721,,,,,,,,,,,,
N,,O,W,W,Y,M,"LAN;LBO,W;RAW,Y;RBM",N,,,,,,,,,,,,,,,,,,,,
N,,O,W,Y,B,M,"LAN;LBO,W;RAY,B;RBM",N,,,,,,,,,,,,,,,,,,,,
N,,O,W,Y,G,M,"LAN;LBO,W;RAY,G;RBM",N,,,,,,,,,,,,,,,,,,,,
N,,O,W,Y,L,M,,N,,,,,,,,,,,,,,,,,,,,
N,,O,W,Y,N,M,"LAN;LBO,W;RAY,N;RBM",N,,,,,,,,,,,,,,,,,,,,
N,,O,W,Y,O,M,"LAN;LBO,W;RAY,O;RBM",N,,,,,,,,,,,,,,,,,,,,
N,,O,W,Y,R,M,"LAN;LBO,W;RAY,R;RBM",N,,,,,,,,,,,,,,,,,,,,
N,,O,W,Y,W,M,"LAN;LBO,W;RAY,W;RBM",N,,,,,,,,,,,,,,,,,,,,
N,,O,W,Y,Y,M,"LAN;LBO,W;RAY,Y;RBM",N,,,,,,,,,,,,,,,,,,,,
O,,O,W,B,B,M,"LAO;LBO,W;RAB,B;RBM",U,,FJ23413,05/13/2018,N Wales,,N Wales,4,,,,,,,,,,,,,
O,,O,W,B,G,M,"LAO;LBO,W;RAB,B;RBM",A - Cymru (was D),5,,,,,,,,,,,,,,,,,,,
O,,O,W,B,L,M,,A - Cymru,1,,,,,,,,,,,,,,,,,,,
O,,O,W,B,N,M,"LAO;LBO,W;RAB,B;RBM",A - Cymru (was D),5,,,,,,,,,,,,,,,,,,,
O,,O,W,B,O,M,"LAO;LBO,W;RAB,O;RBM",U,,FH23425,17/04/2019,N Wales,,Malltraeth,4F,Y+Geolocator,,,,,,,,,,,,
O,,O,W,B,R,M,"LAO;LBO,W;RAB,R;RBM",U,,FJ49263,29/12/2021,AU01 - ECHOES,,Malltraeth,4,Y,,,,,,,,,,,,
O,,O,W,B,W,M,"LAO;LBO,W;RAB,W;RBM",U,,FH23421,09/04/2019,N Wales,,Malltraeth,4F,Y+Geolocator,,,,,,,,,,,,
O,,O,W,B,Y,M,"LAO;LBO,W;RAB,Y;RBM",A - Cymru,2,,,,,,,,,,,,,,,,,,,
O,,O,W,G,B,M,"LAO;LBO,W;RAG,B;RBM",A - Cymru (was D),5,,,,,,,,,,,,,,,,,,,
O,,O,W,G,G,M,"LAO;LBO,W;RAG,G;RBM",U,,FH27949,05/12/2018,N Wales,,N Wales,4,,,,,,,,,,,,,
O,,O,W,G,L,M,,A - Cymru,3,,,,,,,,,,,,,,,,,,,
O,,O,W,G,N,M,"LAO;LBO,W;RAG,N;RBM",A - Cymru (was D),5,,,,,,,,,,,,,,,,,,,
O,,O,W,G,O,M,"LAO;LBO,W;RAG,O;RBM",U,,FH23435,02/05/2019,N Wales,,Denbigh,4M,Y+Geolocator,,,,,,,,,,,,
O,,O,W,G,R,M,"LAO;LBO,W;RAG,R;RBM",U,,FH23423,10/04/2019,N Wales,,Malltraeth,4M,Y+Geolocator,,,,,,,,,,,,
O,,O,W,G,W,M,"LAO;LBO,W;RAG,W;RBM",U,,FH23432,23/04/2019,N Wales,,Ysbyty Ifan,4M,Y+Geolocator,,,,,,,,,,,,
O,,O,W,G,Y,M,"LAO;LBO,W;RAG,Y;RBM",A - Cymru,4,,,,,,,,,,,,,,,,,,,
O,,O,W,L,B,M,,A - Cymru,1,,,,,,,,,,,,,,,,,,,
O,,O,W,L,G,M,,A - Cymru,2,,,,,,,,,,,,,,,,,,,
O,,O,W,L,L,M,,A - Cymru,3,,,,,,,,,,,,,,,,,,,
O,,O,W,L,N,M,,A - Cymru,4,,,,,,,,,,,,,,,,,,,
O,,O,W,L,O,M,,A - Cymru,1,,,,,,,,,,,,,,,,,,,
O,,O,W,L,R,M,,A - Cymru,2,,,,,,,,,,,,,,,,,,,
O,,O,W,L,W,M,,A - Cymru (was D),5,,,,,,,,,,,,,,,,,,,
O,,O,W,L,Y,M,,A - Cymru,3,,,,,,,,,,,,,,,,,,,
O,,O,W,N,B,M,"LAO;LBO,W;RAN,B;RBM",A - Cymru (was D),5,,,,,,,,,,,,,,,,,,,
O,,O,W,N,G,M,"LAO;LBO,W;RAN,G;RBM",U,,FH27934,05/08/2016,N Wales,,N Wales,4,,,,,,,,,,,,,
O,,O,W,N,L,M,,A - Cymru,4,,,,,,,,,,,,,,,,,,,
O,,O,W,N,N,M,"LAO;LBO,W;RAN,N;RBM",U,,FH27933,05/07/2016,N Wales,,N Wales,4,,,,,,,,,,,,,
O,,O,W,N,O,M,"LAO;LBO,W;RAN,O;RBM",U,,FH27935,05/08/2016,N Wales,,N Wales,4,,,,,,,,,,,,,
O,,O,W,N,R,M,"LAO;LBO,W;RAN,R;RBM",U,,FA95840,14/01/2016,TLP10,ST2478,Newton Farm Curlew Area,6,GPS tag 13732,,,,,,,,,,,,
O,,O,W,N,W,M,"LAO;LBO,W;RAN,W;RBM",U,,FH27932,05/07/2016,N Wales,,N Wales,4,,,,,,,,,,,,,
O,,O,W,N,Y,M,"LAO;LBO,W;RAN,Y;RBM",A - Cymru,1,,,,,,,,,,,,,,,,,,,
O,,O,W,O,B,M,"LAO;LBO,W;RAO,B;RBM",U,,FA95847,14/01/2016,TLP10,ST2478,Newton Farm Curlew Area,6,GPS tag 13705,,,,,,,,,,,,
O,,O,W,O,G,M,"LAO;LBO,W;RAO,G;RBM",U,,FA95849,14/01/2016,TLP10,ST2478,Newton Farm Curlew Area,6,GPS tag 13459,,,,,,,,,,,,
O,,O,W,O,L,M,,A - Cymru,2,,,,,,,,,,,,,,,,,,,
O,,O,W,O,N,M,"LAO;LBO,W;RAO,N;RBM",U,,FA95850,14/01/2016,TLP10,ST2478,Newton Farm Curlew Area,6,GPS tag 13738,,,,,,,,,,,,
O,,O,W,O,O,M,"LAO;LBO,W;RAO,O;RBM",U,,FJ23414,5/16/2018,N Wales,,N Wales,4,,,,,,,,,,,,,
O,,O,W,O,R,M,"LAO;LBO,W;RAO,R;RBM",U,,FA95848,14/01/2016,TLP10,ST2478,Newton Farm Curlew Area,6,GPS tag 13712,,,,,,,,,,,,
O,,O,W,O,W,M,"LAO;LBO,W;RAO,W;RBM",U,,FH27947,5/5/2018 & 13/04/2019,N Wales,,Malltraeth,4M,Y+Geolocator,,Vincent,,,,,,,,,,
O,,O,W,O,Y,M,"LAO;LBO,W;RAO,Y;RBM",A - Cymru,3,,,,,,,,,,,,,,,,,,,
O,,O,W,R,B,M,"LAO;LBO,W;RAR,B;RBM",U,,FH23437,03/05/2019,N Wales,,Denbigh,4M,Y+Geolocator,,,,,,,,,,,,
O,,O,W,R,G,M,"LAO;LBO,W;RAR,G;RBM",U,,FH27950,5/13/2018,N Wales,,N Wales,4,,,,,,,,,,,,,
O,,O,W,R,L,M,,A - Cymru,4,,,,,,,,,,,,,,,,,,,
O,,O,W,R,N,M,"LAO;LBO,W;RAR,N;RBM",U,,FH23422,09/04/2019,N Wales,,Malltraeth,4M,Y+Geolocator,,,,,,,,,,,,
O,,O,W,R,O,M,"LAO;LBO,W;RAR,O;RBM",U,,FH23424,11/04/2019,N Wales,,Malltraeth,4M,Y+Geolocator,,,,,,,,,,,,
O,,O,W,R,R,M,"LAO;LBO,W;RAR,R;RBM",U,,FH27948,05/11/2018,N Wales,,N Wales,4,,,,,,,,,,,,,
O,,O,W,R,W,M,"LAO;LBO,W;RAR,W;RBM",U,,FH23430,18/04/2019,N Wales,,Ysbyty Ifan,4M,Y+Geolocator,,,,,,,,,,,,
O,,O,W,R,Y,M,"LAO;LBO,W;RAR,Y;RBM",A - Cymru,1,,,,,,,,,,,,,,,,,,,
O,,O,W,W,B,M,"LAO;LBO,W;RAW,B;RBM",U,,FA95843,14/01/2016,TLP10,ST2478,Newton Farm Curlew Area,6,GPS tag 13715,,,,,,,,,,,,
O,,O,W,W,G,M,"LAO;LBO,W;RAW,G;RBM",U,,FA95841,14/01/2016,TLP10,ST2478,Newton Farm Curlew Area,6,GPS tag 13409,,,,,,,,,,,,
O,,O,W,W,L,M,,A - Cymru,2,,,,,,,,,,,,,,,,,,,
O,,O,W,W,N,M,"LAO;LBO,W;RAW,N;RBM",U,,FA95846,14/01/2016,TLP10,ST2478,Newton Farm Curlew Area,6,GPS tag 13423,,,,,,,,,,,,
O,,O,W,W,O,M,"LAO;LBO,W;RAW,O;RBM",U,,FA95845,14/01/2016,TLP10,ST2478,Newton Farm Curlew Area,6,GPS tag 13758,,,,,,,,,,,,
O,,O,W,W,R,M,"LAO;LBO,W;RAW,R;RBM",U,,FA95842,14/01/2016,TLP10,ST2478,Newton Farm Curlew Area,6,GPS tag 13752,,,,,,,,,,,,
O,,O,W,W,W,M,"LAO;LBO,W;RAW,W;RBM",U,,FA95844,14/01/2016,TLP10,ST2478,Newton Farm Curlew Area,6,GPS tag 13724,,,,,,,,,,,,
O,,O,W,W,Y,M,"LAO;LBO,W;RAW,Y;RBM",A - Cymru,3,,,,,,,,,,,,,,,,,,,
O,,O,W,Y,B,M,"LAO;LBO,W;RAY,B;RBM",A - Cymru,4,,,,,,,,,,,,,,,,,,,
O,,O,W,Y,G,M,"LAO;LBO,W;RAY,G;RBM",A - Cymru,1,,,,,,,,,,,,,,,,,,,
O,,O,W,Y,L,M,,A - Cymru,2,,,,,,,,,,,,,,,,,,,
O,,O,W,Y,N,M,"LAO;LBO,W;RAY,N;RBM",A - Cymru,3,,,,,,,,,,,,,,,,,,,
O,,O,W,Y,O,M,"LAO;LBO,W;RAY,O;RBM",A - Cymru,4,,,,,,,,,,,,,,,,,,,
O,,O,W,Y,R,M,"LAO;LBO,W;RAY,R;RBM",A - Cymru,1,,,,,,,,,,,,,,,,,,,
O,,O,W,Y,W,M,"LAO;LBO,W;RAY,W;RBM",A - Cymru,2,,,,,,,,,,,,,,,,,,,
O,,O,W,Y,Y,M,"LAO;LBO,W;RAY,Y;RBM",A - Cymru,3,,,,,,,,,,,,,,,,,,,
R,,O,W,B,B,M,"LAR;LBO,W;RAB,B;RBM",N,,,,,,,,,,,,,,,,,,,,
R,,O,W,B,G,M,"LAR;LBO,W;RAB,B;RBM",D,,,,,,,,,,,,,,,,,,,,
R,,O,W,B,L,M,,N,,,,,,,,,,,,,,,,,,,,
R,,O,W,B,N,M,"LAR;LBO,W;RAB,B;RBM",D,,,,,,,,,,,,,,,,,,,,
R,,O,W,B,O,M,"LAR;LBO,W;RAB,O;RBM",N,,,,,,,,,,,,,,,,,,,,
R,,O,W,B,R,M,"LAR;LBO,W;RAB,R;RBM",N,,,,,,,,,,,,,,,,,,,,
R,,O,W,B,W,M,"LAR;LBO,W;RAB,W;RBM",N,,,,,,,,,,,,,,,,,,,,
R,,O,W,B,Y,M,"LAR;LBO,W;RAB,Y;RBM",N,,,,,,,,,,,,,,,,,,,,
R,,O,W,G,B,M,"LAR;LBO,W;RAG,B;RBM",D,,,,,,,,,,,,,,,,,,,,
R,,O,W,G,G,M,"LAR;LBO,W;RAG,G;RBM",N,,,,,,,,,,,,,,,,,,,,
R,,O,W,G,L,M,,N,,,,,,,,,,,,,,,,,,,,
R,,O,W,G,N,M,"LAR;LBO,W;RAG,N;RBM",D,,,,,,,,,,,,,,,,,,,,
R,,O,W,G,O,M,"LAR;LBO,W;RAG,O;RBM",N,,,,,,,,,,,,,,,,,,,,
R,,O,W,G,R,M,"LAR;LBO,W;RAG,R;RBM",N,,,,,,,,,,,,,,,,,,,,
R,,O,W,G,W,M,"LAR;LBO,W;RAG,W;RBM",N,,,,,,,,,,,,,,,,,,,,
R,,O,W,G,Y,M,"LAR;LBO,W;RAG,Y;RBM",N,,,,,,,,,,,,,,,,,,,,
R,,O,W,L,B,M,,N,,,,,,,,,,,,,,,,,,,,
R,,O,W,L,G,M,,N,,,,,,,,,,,,,,,,,,,,
R,,O,W,L,L,M,,N,,,,,,,,,,,,,,,,,,,,
R,,O,W,L,N,M,,N,,,,,,,,,,,,,,,,,,,,
R,,O,W,L,O,M,,N,,,,,,,,,,,,,,,,,,,,
R,,O,W,L,R,M,,N,,,,,,,,,,,,,,,,,,,,
R,,O,W,L,W,M,,D,,,,,,,,,,,,,,,,,,,,
R,,O,W,L,Y,M,,N,,,,,,,,,,,,,,,,,,,,
R,,O,W,N,B,M,"LAR;LBO,W;RAN,B;RBM",D,,,,,,,,,,,,,,,,,,,,
R,,O,W,N,G,M,"LAR;LBO,W;RAN,B;RBM",D,,,,,,,,,,,,,,,,,,,,
R,,O,W,N,L,M,,N,,,,,,,,,,,,,,,,,,,,
R,,O,W,N,N,M,"LAR;LBO,W;RAN,B;RBM",N,,,,,,,,,,,,,,,,,,,,
R,,O,W,N,O,M,"LAR;LBO,W;RAN,O;RBM",N,,,,,,,,,,,,,,,,,,,,
R,,O,W,N,R,M,"LAR;LBO,W;RAN,R;RBM",N,,,,,,,,,,,,,,,,,,,,
R,,O,W,N,W,M,"LAR;LBO,W;RAN,W;RBM",N,,,,,,,,,,,,,,,,,,,,
R,,O,W,N,Y,M,"LAR;LBO,W;RAN,Y;RBM",N,,,,,,,,,,,,,,,,,,,,
R,,O,W,O,B,M,"LAR;LBO,W;RAO,B;RBM",N,,,,,,,,,,,,,,,,,,,,
R,,O,W,O,G,M,"LAR;LBO,W;RAO,G;RBM",N,,,,,,,,,,,,,,,,,,,,
R,,O,W,O,L,M,,N,,,,,,,,,,,,,,,,,,,,
R,,O,W,O,N,M,"LAR;LBO,W;RAO,N;RBM",N,,,,,,,,,,,,,,,,,,,,
R,,O,W,O,O,M,"LAR;LBO,W;RAO,O;RBM",N,,,,,,,,,,,,,,,,,,,,
R,,O,W,O,R,M,"LAR;LBO,W;RAO,R;RBM",N,,,,,,,,,,,,,,,,,,,,
R,,O,W,O,W,M,"LAR;LBO,W;RAO,W;RBM",N,,,,,,,,,,,,,,,,,,,,
R,,O,W,O,Y,M,"LAR;LBO,W;RAO,Y;RBM",N,,,,,,,,,,,,,,,,,,,,
R,,O,W,R,B,M,"LAR;LBO,W;RAR,B;RBM",N,,,,,,,,,,,,,,,,,,,,
R,,O,W,R,G,M,"LAR;LBO,W;RAR,G;RBM",N,,,,,,,,,,,,,,,,,,,,
R,,O,W,R,L,M,,N,,,,,,,,,,,,,,,,,,,,
R,,O,W,R,N,M,"LAR;LBO,W;RAR,N;RBM",N,,,,,,,,,,,,,,,,,,,,
R,,O,W,R,O,M,"LAR;LBO,W;RAR,O;RBM",N,,,,,,,,,,,,,,,,,,,,
R,,O,W,R,R,M,"LAR;LBO,W;RAR,R;RBM",N,,,,,,,,,,,,,,,,,,,,
R,,O,W,R,W,M,"LAR;LBO,W;RAR,W;RBM",N,,,,,,,,,,,,,,,,,,,,
R,,O,W,R,Y,M,"LAR;LBO,W;RAR,Y;RBM",N,,,,,,,,,,,,,,,,,,,,
R,,O,W,W,B,M,"LAR;LBO,W;RAW,B;RBM",N,,,,,,,,,,,,,,,,,,,,
R,,O,W,W,G,M,"LAR;LBO,W;RAW,G;RBM",N,,,,,,,,,,,,,,,,,,,,
R,,O,W,W,L,M,,N,,,,,,,,,,,,,,,,,,,,
R,,O,W,W,N,M,"LAR;LBO,W;RAW,N;RBM",N,,,,,,,,,,,,,,,,,,,,
R,,O,W,W,O,M,"LAR;LBO,W;RAW,O;RBM",N,,,,,,,,,,,,,,,,,,,,
R,,O,W,W,R,M,"LAR;LBO,W;RAW,R;RBM",N,,,,,,,,,,,,,,,,,,,,
R,,O,W,W,W,M,"LAR;LBO,W;RAW,W;RBM",N,,,,,,,,,,,,,,,,,,,,
R,,O,W,W,Y,M,"LAR;LBO,W;RAW,Y;RBM",N,,,,,,,,,,,,,,,,,,,,
R,,O,W,Y,B,M,"LAR;LBO,W;RAY,B;RBM",N,,,,,,,,,,,,,,,,,,,,
R,,O,W,Y,G,M,"LAR;LBO,W;RAY,G;RBM",N,,,,,,,,,,,,,,,,,,,,
R,,O,W,Y,L,M,,N,,,,,,,,,,,,,,,,,,,,
R,,O,W,Y,N,M,"LAR;LBO,W;RAY,N;RBM",N,,,,,,,,,,,,,,,,,,,,
R,,O,W,Y,O,M,"LAR;LBO,W;RAY,O;RBM",N,,,,,,,,,,,,,,,,,,,,
R,,O,W,Y,R,M,"LAR;LBO,W;RAY,R;RBM",N,,,,,,,,,,,,,,,,,,,,
R,,O,W,Y,W,M,"LAR;LBO,W;RAY,W;RBM",N,,,,,,,,,,,,,,,,,,,,
R,,O,W,Y,Y,M,"LAR;LBO,W;RAY,Y;RBM",N,,,,,,,,,,,,,,,,,,,,
W,,O,W,B,B,M,"LAW;LBO,W;RAB,B;RBM",U,,FJ49261,29/12/2021,AU01 - ECHOES,,Malltraeth,4,Y,,,,,,,,,,,,
W,,O,W,B,G,M,"LAW;LBO,W;RAB,B;RBM",A - Cymru (was D),5,,,,,,,,,,,,,,,,,,,
W,,O,W,B,L,M,,A - Cymru,1,,,,,,,,,,,,,,,,,,,
W,,O,W,B,N,M,"LAW;LBO,W;RAB,B;RBM",A - Cymru (was D),5,,,,,,,,,,,,,,,,,,,
W,,O,W,B,O,M,"LAW;LBO,W;RAB,O;RBM",U,,FH23426,17/04/2019,N Wales,,Ysbyty Ifan,4F,Y+Geolocator,,,,,,,,,,,,
W,,O,W,B,R,M,"LAW;LBO,W;RAB,R;RBM",U,,FJ49269,10/01/2022,AU01 - ECHOES,,Malltraeth,6,Y,,,,,,,,,,,,
W,,O,W,B,W,M,"LAW;LBO,W;RAB,W;RBM",U,,FH23434,23/04/2019,N Wales,,Ysbyty Ifan,4M,Y+Geolocator,,,,,,,,,,,,
W,,O,W,B,Y,M,"LAW;LBO,W;RAB,Y;RBM",A - Cymru,2,,,,,,,,,,,,,,,,,,,
W,,O,W,G,B,M,"LAW;LBO,W;RAG,B;RBM",A - Cymru (was D),5,,,,,,,,,,,,,,,,,,,
W,,O,W,G,G,M,"LAW;LBO,W;RAG,G;RBM",U,,FJ49265,10/01/2022,AU01 - ECHOES,,Malltraeth,6,Y,,,,,,,,,,,,
W,,O,W,G,L,M,,A - Cymru,3,,,,,,,,,,,,,,,,,,,
W,,O,W,G,N,M,"LAW;LBO,W;RAG,N;RBM",A - Cymru (was D),5,,,,,,,,,,,,,,,,,,,
W,,O,W,G,O,M,"LAW;LBO,W;RAG,O;RBM",U,,FH23429,18/04/2019,N Wales,,Ysbyty Ifan,4F,Y+Geolocator,,,,,,,,,,,,
W,,O,W,G,R,M,"LAW;LBO,W;RAG,R;RBM",U,,FJ49266,10/01/2022,AU01 - ECHOES,,Malltraeth,6,Y,,,,,,,,,,,,
W,,O,W,G,W,M,"LAW;LBO,W;RAG,W;RBM",U,,FJ49262,29/12/2021,AU01 - ECHOES,,Malltraeth,4,Y,,,,,,,,,,,,
W,,O,W,G,Y,M,"LAW;LBO,W;RAG,Y;RBM",A - Cymru,4,,,,,,,,,,,,,,,,,,,
W,,O,W,L,B,M,,A - Cymru,1,,,,,,,,,,,,,,,,,,,
W,,O,W,L,G,M,,A - Cymru,2,,,,,,,,,,,,,,,,,,,
W,,O,W,L,L,M,,A - Cymru,3,,,,,,,,,,,,,,,,,,,
W,,O,W,L,N,M,,A - Cymru,4,,,,,,,,,,,,,,,,,,,
W,,O,W,L,O,M,,A - Cymru,1,,,,,,,,,,,,,,,,,,,
W,,O,W,L,R,M,,A - Cymru,2,,,,,,,,,,,,,,,,,,,
W,,O,W,L,W,M,,A - Cymru (was D),5,,,,,,,,,,,,,,,,,,,
W,,O,W,L,Y,M,,A - Cymru,3,,,,,,,,,,,,,,,,,,,
W,,O,W,N,B,M,"LAW;LBO,W;RAN,B;RBM",A - Cymru (was D),5,,,,,,,,,,,,,,,,,,,
W,,O,W,N,G,M,"LAW;LBO,W;RAN,B;RBM",A - Cymru (was D),5,,,,,,,,,,,,,,,,,,,
W,,O,W,N,L,M,,A - Cymru,4,,,,,,,,,,,,,,,,,,,
W,,O,W,N,N,M,"LAW;LBO,W;RAN,B;RBM",U,,FJ49267,10/01/2022,AU01 - ECHOES,,Malltraeth,6,Y,,,,,,,,,,,,
W,,O,W,N,O,M,"LAW;LBO,W;RAN,O;RBM",U,,FJ49255,13/12/2020,AU01 - ECHOES,,Malltraeth,4,Y,,,,,,,,,,,,
W,,O,W,N,R,M,"LAW;LBO,W;RAN,R;RBM",U,,FJ49258,29/12/2021,AU01 - ECHOES,,Malltraeth,4,Y,,,,,,,,,,,,
W,,O,W,N,W,M,"LAW;LBO,W;RAN,W;RBM",U,,FJ49253,13/12/2020,AU01 - ECHOES,,Malltraeth,4,Y,,,,,,,,,,,,
W,,O,W,N,Y,M,"LAW;LBO,W;RAN,Y;RBM",A - Cymru,1,,,,,,,,,,,,,,,,,,,
W,,O,W,O,B,M,"LAW;LBO,W;RAO,B;RBM",U,,FJ23439,06/12/2020,AU01 - ECHOES,,Malltraeth,4,Y,,,,,,,,,,,,
W,,O,W,O,G,M,"LAW;LBO,W;RAO,G;RBM",U,,FH23431,23/04/2019,N Wales,,Ysbyty Ifan,4M,Y+Geolocator,,,,,,,,,,,,
W,,O,W,O,L,M,,A - Cymru,2,,,,,,,,,,,,,,,,,,,
W,,O,W,O,N,M,"LAW;LBO,W;RAO,N;RBM",U,,FJ49264,29/12/2021,AU01 - ECHOES,,Malltraeth,4,Y,,,,,,,,,,,,
W,,O,W,O,O,M,"LAW;LBO,W;RAO,O;RBM",U,,FJ49268,10/01/2022,AU01 - ECHOES,,Malltraeth,6,Y,,,,,,,,,,,,
W,,O,W,O,R,M,"LAW;LBO,W;RAO,R;RBM",U,,FH23433,23/04/2019,N Wales,,Ysbyty Ifan,4F,Y+Geolocator,,,,,,,,,,,,
W,,O,W,O,W,M,"LAW;LBO,W;RAO,W;RBM",U,,FH23427,18/04/2019,N Wales,,Ysbyty Ifan,4F,Y+Geolocator,,,,,,,,,,,,
W,,O,W,O,Y,M,"LAW;LBO,W;RAO,Y;RBM",A - Cymru,3,,,,,,,,,,,,,,,,,,,
W,,O,W,R,B,M,"LAW;LBO,W;RAR,B;RBM",U,,FH23428,18/04/2019,N Wales,,Ysbyty Ifan,4M,Y+Geolocator,,,,,,,,,,,,
W,,O,W,R,G,M,"LAW;LBO,W;RAR,G;RBM",U,,FJ23440,06/12/2020,AU01 - ECHOES,,Malltraeth,4,Y,,,,,,,,,,,,
W,,O,W,R,L,M,,A - Cymru,4,,,,,,,,,,,,,,,,,,,
W,,O,W,R,N,M,"LAW;LBO,W;RAR,N;RBM",U,,FJ49254,13/12/2020,AU01 - ECHOES,,Malltraeth,4,Y,,,,,,,,,,,,
W,,O,W,R,O,M,"LAW;LBO,W;RAR,O;RBM",U,,FJ49256,13/12/2020,AU01 - ECHOES,,Malltraeth,4,Y,,,,,,,,,,,,
W,,O,W,R,R,M,"LAW;LBO,W;RAR,R;RBM",U,,FH23436,02/05/2019,N Wales,,Denbigh,4M,Y+Geolocator,,,,,,,,,,,,
W,,O,W,R,W,M,"LAW;LBO,W;RAR,W;RBM",A - Cymru,1,,,,,,,,,,,,,,,,,,,
W,,O,W,R,Y,M,"LAW;LBO,W;RAR,Y;RBM",A - Cymru,2,,,,,,,,,,,,,,,,,,,
W,,O,W,W,B,M,"LAW;LBO,W;RAW,B;RBM",A - Cymru,3,,,,,,,,,,,,,,,,,,,
W,,O,W,W,G,M,"LAW;LBO,W;RAW,G;RBM",A - Cymru,4,,,,,,,,,,,,,,,,,,,
W,,O,W,W,L,M,,A - Cymru,1,,,,,,,,,,,,,,,,,,,
W,,O,W,W,N,M,"LAW;LBO,W;RAW,N;RBM",A - Cymru,2,,,,,,,,,,,,,,,,,,,
W,,O,W,W,O,M,"LAW;LBO,W;RAW,O;RBM",A - Cymru,3,,,,,,,,,,,,,,,,,,,
W,,O,W,W,R,M,"LAW;LBO,W;RAW,R;RBM",A - Cymru,4,,,,,,,,,,,,,,,,,,,
W,,O,W,W,W,M,"LAW;LBO,W;RAW,W;RBM",A - Cymru,1,,,,,,,,,,,,,,,,,,,
W,,O,W,W,Y,M,"LAW;LBO,W;RAW,Y;RBM",A - Cymru,2,,,,,,,,,,,,,,,,,,,
W,,O,W,Y,B,M,"LAW;LBO,W;RAY,B;RBM",A - Cymru,3,,,,,,,,,,,,,,,,,,,
W,,O,W,Y,G,M,"LAW;LBO,W;RAY,G;RBM",A - Cymru,4,,,,,,,,,,,,,,,,,,,
W,,O,W,Y,L,M,,A - Cymru,1,,,,,,,,,,,,,,,,,,,
W,,O,W,Y,N,M,"LAW;LBO,W;RAY,N;RBM",A - Cymru,2,,,,,,,,,,,,,,,,,,,
W,,O,W,Y,O,M,"LAW;LBO,W;RAY,O;RBM",A - Cymru,3,,,,,,,,,,,,,,,,,,,
W,,O,W,Y,R,M,"LAW;LBO,W;RAY,R;RBM",A - Cymru,4,,,,,,,,,,,,,,,,,,,
W,,O,W,Y,W,M,"LAW;LBO,W;RAY,W;RBM",A - Cymru,1,,,,,,,,,,,,,,,,,,,
W,,O,W,Y,Y,M,"LAW;LBO,W;RAY,Y;RBM",A - Cymru,2,,,,,,,,,,,,,,,,,,,
Y,,O,W,B,B,M,"LAY;LBO,W;RAB,B;RBM",N,,,,,,,,,,,,,,,,,,,,
Y,,O,W,B,G,M,"LAY;LBO,W;RAB,B;RBM",D,,,,,,,,,,,,,,,,,,,,
Y,,O,W,B,L,M,,N,,,,,,,,,,,,,,,,,,,,
Y,,O,W,B,N,M,"LAY;LBO,W;RAB,B;RBM",D,,,,,,,,,,,,,,,,,,,,
Y,,O,W,B,O,M,"LAY;LBO,W;RAB,O;RBM",N,,,,,,,,,,,,,,,,,,,,
Y,,O,W,B,R,M,"LAY;LBO,W;RAB,R;RBM",N,,,,,,,,,,,,,,,,,,,,
Y,,O,W,B,W,M,"LAY;LBO,W;RAB,W;RBM",N,,,,,,,,,,,,,,,,,,,,
Y,,O,W,B,Y,M,"LAY;LBO,W;RAB,Y;RBM",N,,,,,,,,,,,,,,,,,,,,
Y,,O,W,G,B,M,"LAY;LBO,W;RAG,B;RBM",D,,,,,,,,,,,,,,,,,,,,
Y,,O,W,G,G,M,"LAY;LBO,W;RAG,G;RBM",N,,,,,,,,,,,,,,,,,,,,
Y,,O,W,G,L,M,,N,,,,,,,,,,,,,,,,,,,,
Y,,O,W,G,N,M,"LAY;LBO,W;RAG,N;RBM",D,,,,,,,,,,,,,,,,,,,,
Y,,O,W,G,O,M,"LAY;LBO,W;RAG,O;RBM",N,,,,,,,,,,,,,,,,,,,,
Y,,O,W,G,R,M,"LAY;LBO,W;RAG,R;RBM",N,,,,,,,,,,,,,,,,,,,,
Y,,O,W,G,W,M,"LAY;LBO,W;RAG,W;RBM",N,,,,,,,,,,,,,,,,,,,,
Y,,O,W,G,Y,M,"LAY;LBO,W;RAG,Y;RBM",N,,,,,,,,,,,,,,,,,,,,
Y,,O,W,L,B,M,,N,,,,,,,,,,,,,,,,,,,,
Y,,O,W,L,G,M,,N,,,,,,,,,,,,,,,,,,,,
Y,,O,W,L,L,M,,N,,,,,,,,,,,,,,,,,,,,
Y,,O,W,L,N,M,,N,,,,,,,,,,,,,,,,,,,,
Y,,O,W,L,O,M,,N,,,,,,,,,,,,,,,,,,,,
Y,,O,W,L,R,M,,N,,,,,,,,,,,,,,,,,,,,
Y,,O,W,L,W,M,,D,,,,,,,,,,,,,,,,,,,,
Y,,O,W,L,Y,M,,N,,,,,,,,,,,,,,,,,,,,
Y,,O,W,N,B,M,"LAY;LBO,W;RAN,B;RBM",D,,,,,,,,,,,,,,,,,,,,
Y,,O,W,N,G,M,"LAY;LBO,W;RAN,B;RBM",D,,,,,,,,,,,,,,,,,,,,
Y,,O,W,N,L,M,,N,,,,,,,,,,,,,,,,,,,,
Y,,O,W,N,N,M,"LAY;LBO,W;RAN,B;RBM",N,,,,,,,,,,,,,,,,,,,,
Y,,O,W,N,O,M,"LAY;LBO,W;RAN,O;RBM",N,,,,,,,,,,,,,,,,,,,,
Y,,O,W,N,R,M,"LAY;LBO,W;RAN,R;RBM",N,,,,,,,,,,,,,,,,,,,,
Y,,O,W,N,W,M,"LAY;LBO,W;RAN,W;RBM",N,,,,,,,,,,,,,,,,,,,,
Y,,O,W,N,Y,M,"LAY;LBO,W;RAN,Y;RBM",N,,,,,,,,,,,,,,,,,,,,
Y,,O,W,O,B,M,"LAY;LBO,W;RAO,B;RBM",N,,,,,,,,,,,,,,,,,,,,
Y,,O,W,O,G,M,"LAY;LBO,W;RAO,G;RBM",N,,,,,,,,,,,,,,,,,,,,
Y,,O,W,O,L,M,,N,,,,,,,,,,,,,,,,,,,,
Y,,O,W,O,N,M,"LAY;LBO,W;RAO,N;RBM",N,,,,,,,,,,,,,,,,,,,,
Y,,O,W,O,O,M,"LAY;LBO,W;RAO,O;RBM",N,,,,,,,,,,,,,,,,,,,,
Y,,O,W,O,R,M,"LAY;LBO,W;RAO,R;RBM",N,,,,,,,,,,,,,,,,,,,,
Y,,O,W,O,W,M,"LAY;LBO,W;RAO,W;RBM",N,,,,,,,,,,,,,,,,,,,,
Y,,O,W,O,Y,M,"LAY;LBO,W;RAO,Y;RBM",N,,,,,,,,,,,,,,,,,,,,
Y,,O,W,R,B,M,"LAY;LBO,W;RAR,B;RBM",N,,,,,,,,,,,,,,,,,,,,
Y,,O,W,R,G,M,"LAY;LBO,W;RAR,G;RBM",N,,,,,,,,,,,,,,,,,,,,
Y,,O,W,R,L,M,,N,,,,,,,,,,,,,,,,,,,,
Y,,O,W,R,N,M,"LAY;LBO,W;RAR,N;RBM",N,,,,,,,,,,,,,,,,,,,,
Y,,O,W,R,O,M,"LAY;LBO,W;RAR,O;RBM",N,,,,,,,,,,,,,,,,,,,,
Y,,O,W,R,R,M,"LAY;LBO,W;RAR,R;RBM",N,,,,,,,,,,,,,,,,,,,,
Y,,O,W,R,W,M,"LAY;LBO,W;RAR,W;RBM",N,,,,,,,,,,,,,,,,,,,,
Y,,O,W,R,Y,M,"LAY;LBO,W;RAR,Y;RBM",N,,,,,,,,,,,,,,,,,,,,
Y,,O,W,W,B,M,"LAY;LBO,W;RAW,B;RBM",N,,,,,,,,,,,,,,,,,,,,
Y,,O,W,W,G,M,"LAY;LBO,W;RAW,G;RBM",N,,,,,,,,,,,,,,,,,,,,
Y,,O,W,W,L,M,,N,,,,,,,,,,,,,,,,,,,,
Y,,O,W,W,N,M,"LAY;LBO,W;RAW,N;RBM",N,,,,,,,,,,,,,,,,,,,,
Y,,O,W,W,O,M,"LAY;LBO,W;RAW,O;RBM",N,,,,,,,,,,,,,,,,,,,,
Y,,O,W,W,R,M,"LAY;LBO,W;RAW,R;RBM",N,,,,,,,,,,,,,,,,,,,,
Y,,O,W,W,W,M,"LAY;LBO,W;RAW,W;RBM",N,,,,,,,,,,,,,,,,,,,,
Y,,O,W,W,Y,M,"LAY;LBO,W;RAW,Y;RBM",N,,,,,,,,,,,,,,,,,,,,
Y,,O,W,Y,B,M,"LAY;LBO,W;RAY,B;RBM",N,,,,,,,,,,,,,,,,,,,,
Y,,O,W,Y,G,M,"LAY;LBO,W;RAY,G;RBM",N,,,,,,,,,,,,,,,,,,,,
Y,,O,W,Y,L,M,,N,,,,,,,,,,,,,,,,,,,,
Y,,O,W,Y,N,M,"LAY;LBO,W;RAY,N;RBM",N,,,,,,,,,,,,,,,,,,,,
Y,,O,W,Y,O,M,"LAY;LBO,W;RAY,O;RBM",N,,,,,,,,,,,,,,,,,,,,
Y,,O,W,Y,R,M,"LAY;LBO,W;RAY,R;RBM",N,,,,,,,,,,,,,,,,,,,,
Y,,O,W,Y,W,M,"LAY;LBO,W;RAY,W;RBM",N,,,,,,,,,,,,,,,,,,,,
Y,,O,W,Y,Y,M,"LAY;LBO,W;RAY,Y;RBM",N,,,,,,,,,,,,,,,,,,,,